夏至未至,夏至未至,夏至未至,夏至未至,无证之罪,无证之罪,无证之罪,无证之罪,白鹿原,白鹿原,白鹿原,白鹿原,楚乔传,楚乔传,楚乔传,楚乔传,三生三世十里桃花,三生三世十里桃花,三生三世十里桃花,三生三世十里桃花,河神,河神,河神,河神,人民的名义,人民的名义,人民的名义,人民的名义,思美人,思美人,思美人,思美人,我的前半生,我的前半生,我的前半生,我的前半生,择天记,择天记,择天记,择天记,醉玲珑,醉玲珑,醉玲珑,醉玲珑,卧底归来,卧底归来,卧底归来,卧底归来
"""20170611""",9291891,2017-6-10,182302,"""20170906""",27053343,2017-9-5,3307,"""20170416""",358278,2017-4-15,15046,"""20170605""",35482169,2017-6-4,88672,"""20170110""",773267,2017-1-9,685998,"""20170719""",137538801,2017-7-18,958,"""20170328""",39383,2017-3-27,8384,"""20170428""",3944016,27-Apr,349502,"""20170704""",3551448,3-Jul,17618,"""20170713""",113710453,12-Jul,7938,"""20170713""",26567364,12-Jul,212758,"""20170417""",404,16-Apr,154
"""20170612""",2056644137,2017-6-11,529965,"""20170907""",231737372,2017-9-6,7253,"""20170417""",677553,2017-4-16,73172,"""20170606""",4336445241,2017-6-5,361266,"""20170111""",673100,2017-1-10,830040,"""20170720""",1058076680,2017-7-19,25120,"""20170329""",22860138,2017-3-28,17225,"""20170429""",344887048,28-Apr,605901,"""20170705""",417784622,4-Jul,75622,"""20170714""",115003716,13-Jul,13404,"""20170714""",1519145946,13-Jul,423861,"""20170418""",555,17-Apr,148
"""20170613""",2812188723,2017-6-12,301299,"""20170908""",268386458,2017-9-7,6384,"""20170418""",2045682,2017-4-17,30738,"""20170607""",9214904717,2017-6-6,214153,"""20170112""",511238,2017-1-11,552129,"""20170721""",715904699,2017-7-20,19499,"""20170330""",159389055,2017-3-29,13558,"""20170430""",585346623,29-Apr,424546,"""20170706""",1143384126,5-Jul,29446,"""20170715""",140919996,14-Jul,10688,"""20170715""",3102393067,14-Jul,350308,"""20170419""",704,18-Apr,151
"""20170614""",3453351253,2017-6-13,247333,"""20170909""",162552285,2017-9-8,6255,"""20170419""",4538007,2017-4-18,27332,"""20170608""",13983315224,2017-6-7,212555,"""20170113""",335490,2017-1-12,791898,"""20170722""",454957973,2017-7-21,17219,"""20170331""",506571905,2017-3-30,41755,"""20170501""",1436431671,30-Apr,423185,"""20170707""",2061753774,6-Jul,49674,"""20170716""",158371358,15-Jul,7896,"""20170716""",1969432343,15-Jul,225084,"""20170420""",604,19-Apr,122
"""20170615""",3507154263,2017-6-14,241731,"""20170910""",128634753,2017-9-9,8857,"""20170420""",4851669,2017-4-19,8568,"""20170609""",17507723219,2017-6-8,200925,"""20170114""",1194739,2017-1-13,609512,"""20170723""",413127721,2017-7-22,5341,"""20170401""",691572194,2017-3-31,36626,"""20170502""",1318819290,1-May,325343,"""20170708""",4283824096,7-Jul,61139,"""20170717""",147191673,16-Jul,6821,"""20170717""",1063615132,16-Jul,167320,"""20170421""",219,20-Apr,87
"""20170616""",4015036808,2017-6-15,241877,"""20170911""",98448643,2017-9-10,3588,"""20170421""",5297082,2017-4-20,5586,"""20170610""",9259532320,2017-6-9,164134,"""20170115""",1205710,2017-1-14,625780,"""20170724""",255711065,2017-7-23,4343,"""20170402""",1286076785,2017-4-1,50852,"""20170503""",1318819290,2-May,272513,"""20170709""",4805765463,8-Jul,54317,"""20170718""",142026653,17-Jul,11405,"""20170718""",471214339,17-Jul,162255,"""20170422""",251,21-Apr,101
"""20170617""",4606747889,2017-6-16,163848,"""20170912""",79526323,2017-9-11,3507,"""20170422""",6684612,2017-4-21,5527,"""20170611""",5947854979,2017-6-10,159222,"""20170116""",833901,2017-1-15,653773,"""20170725""",214009794,2017-7-24,3666,"""20170403""",2757551888,2017-4-2,36690,"""20170504""",1318819290,3-May,324601,"""20170710""",6374690767,9-Jul,37300,"""20170719""",132929040,18-Jul,7214,"""20170719""",350229634,18-Jul,149604,"""20170423""",1485,22-Apr,160
"""20170618""",4407234058,2017-6-17,118760,"""20170913""",126312739,2017-9-12,3782,"""20170423""",7819821,2017-4-22,9805,"""20170612""",4329645010,2017-6-11,122407,"""20170117""",1475779,2017-1-16,505839,"""20170726""",531346053,2017-7-25,7298,"""20170404""",4312943933,2017-4-3,78612,"""20170505""",1318819290,4-May,279329,"""20170711""",7985534628,10-Jul,55734,"""20170720""",124207668,19-Jul,8319,"""20170720""",288282011,19-Jul,148091,"""20170424""",1642,23-Apr,168
"""20170619""",5305129292,2017-6-18,105265,"""20170914""",243013594,2017-9-13,5554,"""20170424""",5472368,2017-4-23,6509,"""20170613""",17620851806,2017-6-12,148540,"""20170118""",7504737,2017-1-17,457276,"""20170727""",1656117587,2017-7-26,20753,"""20170405""",5684546264,2017-4-4,126046,"""20170506""",1318819290,5-May,220624,"""20170712""",10492774582,11-Jul,79080,"""20170721""",114221212,20-Jul,7573,"""20170721""",1531416983,20-Jul,213741,"""20170425""",2941,24-Apr,335
"""20170620""",4719298518,2017-6-19,111959,"""20170915""",231241347,2017-9-14,5620,"""20170425""",5257615,2017-4-24,2065,"""20170614""",21789344417,2017-6-13,199663,"""20170119""",6158034,2017-1-18,441250,"""20170728""",1481527981,2017-7-27,40503,"""20170406""",8308405575,2017-4-5,117718,"""20170507""",1926868629,6-May,247940,"""20170713""",13649087351,12-Jul,80829,"""20170722""",110381593,21-Jul,7096,"""20170722""",2686227891,21-Jul,337037,"""20170426""",8108,25-Apr,98
"""20170621""",4687097590,2017-6-20,112426,"""20170916""",170915391,2017-9-15,10860,"""20170426""",4352245,2017-4-25,2232,"""20170615""",23693148987,2017-6-14,213744,"""20170120""",3763087,2017-1-19,486226,"""20170729""",909949635,2017-7-28,11459,"""20170407""",10745157944,2017-4-6,157791,"""20170508""",2297970047,7-May,238080,"""20170714""",16122014895,13-Jul,99512,"""20170723""",114987159,22-Jul,8426,"""20170723""",1930194104,22-Jul,240991,"""20170427""",3325,26-Apr,138
"""20170622""",4757484102,2017-6-21,133565,"""20170917""",135352895,2017-9-16,18291,"""20170427""",3559510,2017-4-26,1386,"""20170616""",24901326757,2017-6-15,206485,"""20170121""",2850325,2017-1-20,475043,"""20170730""",743051038,2017-7-29,7349,"""20170408""",13253932148,2017-4-7,155541,"""20170509""",2023853118,8-May,262061,"""20170715""",21235563550,14-Jul,72080,"""20170724""",99887904,23-Jul,17632,"""20170724""",1138116087,23-Jul,231908,"""20170428""",2169,27-Apr,565
"""20170623""",5410454165,2017-6-22,140902,"""20170918""",103223300,2017-9-17,5685,"""20170428""",3042666,2017-4-27,1458,"""20170617""",13450701433,2017-6-16,179268,"""20170122""",2170308,2017-1-21,497950,"""20170731""",501981146,2017-7-30,6431,"""20170409""",16027665925,2017-4-8,172716,"""20170510""",1976433877,9-May,236206,"""20170716""",21324099717,15-Jul,91954,"""20170725""",91842870,24-Jul,12560,"""20170725""",624075674,24-Jul,229905,"""20170429""",2804,28-Apr,343
"""20170624""",5446480954,2017-6-23,94109,"""20170919""",90048086,2017-9-18,2307,"""20170429""",3221187,2017-4-28,7332,"""20170618""",8950903682,2017-6-17,154005,"""20170123""",1109884,2017-1-22,502587,"""20170801""",451433324,2017-7-31,12679,"""20170410""",18274551534,2017-4-9,193935,"""20170511""",2184957333,10-May,118927,"""20170717""",25080051691,16-Jul,108538,"""20170726""",82894288,25-Jul,10186,"""20170726""",398247564,25-Jul,373847,"""20170430""",3035,29-Apr,212
"""20170625""",5189482633,2017-6-24,102817,"""20170920""",135129604,2017-9-19,2727,"""20170430""",4387055,2017-4-29,3687,"""20170619""",6456948135,2017-6-18,118503,"""20170124""",1872169,2017-1-23,473451,"""20170802""",999598304,2017-8-1,7803,"""20170411""",19377878158,2017-4-10,173075,"""20170512""",2152000442,11-May,120123,"""20170718""",28202103226,17-Jul,172663,"""20170727""",73852477,26-Jul,12268,"""20170727""",359313788,26-Jul,230098,"""20170501""",1665,30-Apr,102
"""20170626""",5912868295,2017-6-25,83139,"""20170921""",266699690,2017-9-20,6810,"""20170501""",3884536,2017-4-30,2879,"""20170620""",20302755534,2017-6-19,138927,"""20170125""",2308655,2017-1-24,692276,"""20170803""",3063390428,2017-8-2,14460,"""20170412""",21365137004,2017-4-11,168317,"""20170513""",2346168663,12-May,70223,"""20170719""",31823578851,18-Jul,133701,"""20170728""",65275356,27-Jul,9105,"""20170728""",1431563474,27-Jul,374110,"""20170502""",3948,1-May,159
"""20170627""",6023602271,2017-6-26,109167,"""20170922""",287775092,2017-9-21,4388,"""20170502""",2902593,2017-5-1,1799,"""20170621""",23094482524,2017-6-20,178227,"""20170126""",1427281,2017-1-25,541141,"""20170804""",2955492927,2017-8-3,15994,"""20170413""",22879653150,2017-4-12,175695,"""20170514""",2015225846,13-May,63903,"""20170720""",33402160668,19-Jul,145484,"""20170729""",63973442,28-Jul,4546,"""20170729""",2717162554,28-Jul,214750,"""20170503""",3948,2-May,844
"""20170628""",5916008926,2017-6-27,189059,"""20170923""",212570353,2017-9-22,9002,"""20170503""",2902593,2017-5-2,2317,"""20170622""",26210869300,2017-6-21,184490,"""20170127""",746370,2017-1-26,607740,"""20170805""",1689598564,2017-8-4,14239,"""20170414""",23185390899,2017-4-13,270428,"""20170515""",1599007632,14-May,51593,"""20170721""",33446695260,20-Jul,177917,"""20170730""",64467668,29-Jul,6738,"""20170730""",1906241840,29-Jul,240677,"""20170504""",3948,3-May,2239
"""20170629""",5799996099,2017-6-28,139544,"""20170924""",182356593,2017-9-23,2656,"""20170504""",2902593,2017-5-3,1338,"""20170623""",26484635349,2017-6-22,223196,"""20170128""",1479417,2017-1-27,522843,"""20170806""",1416525284,2017-8-5,8231,"""20170415""",22167575943,2017-4-14,241472,"""20170516""",1724305234,15-May,43555,"""20170722""",38656485669,21-Jul,158899,"""20170731""",56711964,30-Jul,13656,"""20170731""",1157851189,30-Jul,180612,"""20170505""",3948,4-May,916
"""20170630""",5799996099,2017-6-29,110215,"""20170925""",131885839,2017-9-24,1822,"""20170505""",2902593,2017-5-4,1072,"""20170624""",13190102263,2017-6-23,212849,"""20170129""",3197960,2017-1-28,553164,"""20170807""",1026399876,2017-8-6,15072,"""20170416""",24512869014,2017-4-15,150569,"""20170517""",1742562949,16-May,36854,"""20170723""",36381808424,22-Jul,161532,"""20170801""",51288277,31-Jul,5250,"""20170801""",787776526,31-Jul,136207,"""20170506""",3948,5-May,907
"""20170701""",5499056545,2017-6-30,86522,"""20170926""",133948142,2017-9-25,1475,"""20170506""",2902593,2017-5-5,1409,"""20170625""",9641211739,2017-6-24,169497,"""20170130""",12832344,2017-1-29,541496,"""20170808""",882006326,2017-8-7,21925,"""20170417""",27138038368,2017-4-16,129151,"""20170518""",1726639423,17-May,63263,"""20170724""",42208323288,23-Jul,170243,"""20170802""",48478154,1-Aug,6052,"""20170802""",649938563,1-Aug,151915,"""20170507""",4227481,6-May,877
"""20170702""",5499056545,2017-7-1,77539,"""20170927""",192582928,2017-9-26,2361,"""20170507""",1916227,2017-5-6,1144,"""20170626""",6947694699,2017-6-25,182122,"""20170131""",1965443648,2017-1-30,715859,"""20170809""",1428700309,2017-8-8,10437,"""20170418""",29112933056,2017-4-17,169218,"""20170519""",1762993805,18-May,60051,"""20170725""",41993204040,24-Jul,173425,"""20170803""",49236189,2-Aug,6173,"""20170803""",720372291,2-Aug,171697,"""20170508""",3628205,7-May,669
"""20170703""",6016041222,2017-7-2,74291,"""20170928""",325837369,2017-9-27,3917,"""20170508""",1514734,2017-5-7,4275,"""20170627""",21102860696,2017-6-26,217211,"""20170201""",3613444734,2017-1-31,694791,"""20170810""",3400270473,2017-8-9,16965,"""20170419""",32400355845,2017-4-18,125500,"""20170520""",1654347623,19-May,106472,"""20170726""",42919926863,25-Jul,188795,"""20170804""",47673900,3-Aug,8800,"""20170804""",2180531514,3-Aug,240549,"""20170509""",4110490,8-May,2508
"""20170704""",5838925173,2017-7-3,84145,"""20170929""",273555131,2017-9-28,11081,"""20170509""",1276059,2017-5-8,774,"""20170628""",25276980455,2017-6-27,195866,"""20170202""",4973313931,2017-2-1,716150,"""20170811""",3242823097,2017-8-10,72635,"""20170420""",31977869849,2017-4-19,136561,"""20170521""",1724344535,20-May,75484,"""20170727""",35820695417,26-Jul,182029,"""20170805""",46938208,4-Aug,6537,"""20170805""",3100867612,4-Aug,206596,"""20170510""",3519635,9-May,929
"""20170705""",5760228879,2017-7-4,124793,"""20170930""",167997222,2017-9-29,11106,"""20170510""",1426516,2017-5-9,8677,"""20170629""",28054766135,2017-6-28,182655,"""20170203""",6723078709,2017-2-2,600024,"""20170812""",1939672115,2017-8-11,60355,"""20170421""",33555713007,2017-4-20,171149,"""20170522""",1591893310,21-May,103363,"""20170728""",19865933939,27-Jul,191574,"""20170806""",48493612,5-Aug,5454,"""20170806""",2282015857,5-Aug,197592,"""20170511""",2933009,10-May,1001
"""20170706""",5691770975,2017-7-5,122185,"""20171001""",145757077,2017-9-30,3009,"""20170511""",2585836,2017-5-10,14368,"""20170630""",28054766135,2017-6-29,229050,"""20170204""",8303554547,2017-2-3,645027,"""20170813""",1562895699,2017-8-12,19171,"""20170422""",28962659605,2017-4-21,247190,"""20170523""",1751877188,22-May,55518,"""20170729""",18004688725,28-Jul,124924,"""20170807""",44050242,6-Aug,6841,"""20170807""",1649855341,6-Aug,239786,"""20170512""",56149903,11-May,3513
"""20170707""",6001344688,2017-7-6,130557,"""20171002""",148635439,2017-10-1,2361,"""20170512""",3147199,2017-5-11,28840,"""20170701""",14757477549,2017-6-30,200058,"""20170205""",8119559226,2017-2-4,513186,"""20170814""",1108466267,2017-8-13,14830,"""20170423""",28788135643,2017-4-22,117571,"""20170524""",1744532590,23-May,52904,"""20170730""",16507455233,29-Jul,77132,"""20170808""",42311667,7-Aug,5352,"""20170808""",1286921182,7-Aug,180547,"""20170513""",917419857,12-May,64415
"""20170708""",5779977867,2017-7-7,162132,"""20171003""",178906818,2017-10-2,2865,"""20170513""",3452364,2017-5-12,9781,"""20170702""",14757477549,2017-7-1,148692,"""20170206""",11731274229,2017-2-5,467487,"""20170815""",950767921,2017-8-14,17366,"""20170424""",26647638191,2017-4-23,96198,"""20170525""",1744532590,24-May,47721,"""20170731""",12864544851,30-Jul,55085,"""20170809""",41018343,8-Aug,4021,"""20170809""",1077284916,8-Aug,198744,"""20170514""",1628312446,13-May,4534
"""20170709""",6414801201,2017-7-8,183374,"""20171004""",224281911,2017-10-3,2261,"""20170514""",3555888,2017-5-13,26103,"""20170703""",7767914237,2017-7-2,117421,"""20170207""",13390816954,2017-2-6,1070717,"""20170816""",1455381694,2017-8-15,44650,"""20170425""",34297869012,2017-4-24,107230,"""20170526""",1530364561,25-May,73996,"""20170801""",10929585770,31-Jul,39056,"""20170810""",39668317,9-Aug,10871,"""20170810""",983140157,9-Aug,193429,"""20170515""",2221905176,14-May,2995
"""20170710""",3070461293,2017-7-9,85588,"""20171005""",414373925,2017-10-4,2187,"""20170515""",3385451,2017-5-14,6142,"""20170704""",24399160160,2017-7-3,168295,"""20170208""",14368852975,2017-2-7,865073,"""20170817""",3630135976,2017-8-16,32381,"""20170426""",36051033724,2017-4-25,119230,"""20170527""",1421264407,26-May,82927,"""20170802""",9726400459,1-Aug,36198,"""20170811""",38451715,10-Aug,4818,"""20170811""",2373745004,10-Aug,236136,"""20170516""",2117340462,15-May,21968
"""20170711""",2094805890,2017-7-10,44971,"""20171006""",406732204,2017-10-5,6519,"""20170516""",2946712,2017-5-15,9731,"""20170705""",29976123736,2017-7-4,269912,"""20170209""",14961749323,2017-2-8,770017,"""20170818""",3305552602,2017-8-17,49886,"""20170427""",36170232066,2017-4-26,101200,"""20170528""",1481818363,27-May,110930,"""20170803""",8978877697,2-Aug,39600,"""20170812""",37847975,11-Aug,3598,"""20170812""",3753082621,11-Aug,180340,"""20170517""",2404616212,16-May,13743
"""20170712""",1647006045,2017-7-11,34975,"""20171007""",290907654,2017-10-6,6786,"""20170517""",2839093,2017-5-16,34311,"""20170706""",33973293744,2017-7-5,254017,"""20170210""",16232616990,2017-2-9,729288,"""20170819""",1948431873,2017-8-18,81844,"""20170428""",35452038819,2017-4-27,87988,"""20170529""",1967220605,28-May,119979,"""20170804""",7910836098,3-Aug,30923,"""20170813""",37265333,12-Aug,5696,"""20170813""",2749960837,12-Aug,173026,"""20170518""",2698903957,17-May,30607
"""20170713""",1375487813,2017-7-12,25486,"""20171008""",240935050,2017-10-7,6662,"""20170518""",2918634,2017-5-17,28494,"""20170707""",34321943510,2017-7-6,250747,"""20170211""",16567091877,2017-2-10,834695,"""20170820""",1547929896,2017-8-19,25352,"""20170429""",29817850669,2017-4-28,94655,"""20170530""",1921696828,29-May,77520,"""20170805""",7352045069,4-Aug,21555,"""20170814""",34374628,13-Aug,4602,"""20170814""",1993091160,13-Aug,146915,"""20170519""",2783598706,18-May,4270
"""20170714""",1123650256,2017-7-13,42721,"""20171009""",197323180,2017-10-8,5158,"""20170519""",3150434,2017-5-18,31281,"""20170708""",16794561046,2017-7-7,194527,"""20170212""",14761016873,2017-2-11,631660,"""20170821""",1111862088,2017-8-20,17394,"""20170430""",19328780529,2017-4-29,74886,"""20170531""",1756690599,30-May,117575,"""20170806""",7071039924,5-Aug,23661,"""20170815""",32382095,14-Aug,9104,"""20170815""",1499883220,14-Aug,143583,"""20170520""",3016820265,19-May,10439
"""20170715""",1065725079,2017-7-14,23839,"""20171010""",152486087,2017-10-9,2016,"""20170520""",3640913,2017-5-19,26637,"""20170709""",12136074063,2017-7-8,143304,"""20170213""",19424271009,2017-2-12,621686,"""20170822""",959986582,2017-8-21,21283,"""20170501""",17172457316,2017-4-30,52854,"""20170601""",1717764535,31-May,146135,"""20170807""",5694097548,6-Aug,20997,"""20170816""",30990805,15-Aug,6608,"""20170816""",1136401853,15-Aug,152539,"""20170521""",3806095077,20-May,20692
"""20170716""",1011502105,2017-7-15,17989,"""20171011""",163066837,2017-10-10,1457,"""20170521""",4296419,2017-5-20,63279,"""20170710""",8614339168,2017-7-9,148298,"""20170214""",18804141497,2017-2-13,805499,"""20170823""",1579889123,2017-8-22,24481,"""20170502""",13750534388,2017-5-1,49631,"""20170602""",1723417085,1-Jun,166455,"""20170808""",5018761913,7-Aug,17308,"""20170817""",30611123,16-Aug,7529,"""20170817""",981499725,16-Aug,177620,"""20170522""",3986691199,21-May,3171
"""20170717""",780420800,2017-7-16,14724,"""20171012""",251690940,2017-10-11,1534,"""20170522""",4225415,2017-5-21,12234,"""20170711""",23773834803,2017-7-10,269971,"""20170215""",23084889969,2017-2-14,802763,"""20170824""",3849159808,2017-8-23,43167,"""20170503""",13750534388,2017-5-2,37977,"""20170603""",1652962765,2-Jun,166490,"""20170809""",4460385810,8-Aug,17073,"""20170818""",28936027,17-Aug,7088,"""20170818""",2110052083,17-Aug,306163,"""20170523""",4215839044,22-May,17428
"""20170718""",641196051,2017-7-17,15426,"""20171013""",269629895,2017-10-12,7927,"""20170523""",4659538,2017-5-22,19214,"""20170712""",29711273358,2017-7-11,241902,"""20170216""",25213047587,2017-2-15,699391,"""20170825""",3777023810,2017-8-24,82617,"""20170504""",13750534388,2017-5-3,32527,"""20170604""",1752209057,3-Jun,160490,"""20170810""",4013968316,9-Aug,12693,"""20170819""",28047870,18-Aug,8542,"""20170819""",2943797383,18-Aug,284251,"""20170524""",4370796754,23-May,13207
"""20170719""",524199890,2017-7-18,19953,"""20171014""",227311508,2017-10-13,4233,"""20170524""",4505267,2017-5-23,11795,"""20170713""",33403623483,2017-7-12,320922,"""20170217""",27785689788,2017-2-16,818673,"""20170826""",2180500113,2017-8-25,85127,"""20170505""",13750534388,2017-5-4,26544,"""20170605""",2048595911,4-Jun,138131,"""20170811""",3649153265,10-Aug,15670,"""20170820""",28931121,19-Aug,12139,"""20170820""",2063490988,19-Aug,299080,"""20170525""",4370796754,24-May,10411
"""20170720""",450384685,2017-7-19,15645,"""20171015""",203653802,2017-10-14,4735,"""20170525""",4505267,2017-5-24,25136,"""20170714""",33980608463,2017-7-13,394358,"""20170218""",31952289558,2017-2-17,739054,"""20170827""",1845954542,2017-8-26,26549,"""20170506""",13750534388,2017-5-5,38178,"""20170606""",1912384178,5-Jun,123216,"""20170812""",3544399166,11-Aug,12788,"""20170821""",27321873,20-Aug,9222,"""20170821""",1452944096,20-Aug,211996,"""20170526""",4353476584,25-May,5903
"""20170721""",385838266,2017-7-20,13331,"""20171016""",133212067,2017-10-15,1434,"""20170526""",11290361,2017-5-25,31661,"""20170715""",15743512031,2017-7-14,350764,"""20170219""",25978581733,2017-2-18,802370,"""20170828""",1112699464,2017-8-27,25692,"""20170507""",8815532411,2017-5-6,27219,"""20170607""",1738416894,6-Jun,135162,"""20170813""",3374867375,12-Aug,9420,"""20170822""",26672851,21-Aug,4205,"""20170822""",1101494300,21-Aug,187221,"""20170527""",3921601551,26-May,9283
"""20170722""",368166455,2017-7-21,7871,"""20171017""",99325565,2017-10-16,1662,"""20170527""",17245025,2017-5-26,30269,"""20170716""",11359394628,2017-7-15,188198,"""20170220""",27456318614,2017-2-19,752048,"""20170829""",975592093,2017-8-28,14921,"""20170508""",7106008244,2017-5-7,17364,"""20170608""",1769931508,7-Jun,142814,"""20170814""",2679273331,13-Aug,11752,"""20170823""",26293958,22-Aug,5120,"""20170823""",908357041,22-Aug,222659,"""20170528""",3780053353,27-May,5698
"""20170723""",378106037,2017-7-22,13221,"""20171018""",73830558,2017-10-17,1858,"""20170528""",24791061,2017-5-27,21155,"""20170717""",8418315116,2017-7-16,246729,"""20170221""",29078052756,2017-2-20,722470,"""20170830""",952012666,2017-8-29,24399,"""20170509""",5949406077,2017-5-8,18676,"""20170609""",1936393743,8-Jun,29537,"""20170815""",2352721441,14-Aug,11219,"""20170824""",24939214,23-Aug,4389,"""20170824""",810641450,23-Aug,178793,"""20170529""",3785355963,28-May,4597
"""20170724""",293554633,2017-7-23,9696,"""20171019""",58966450,2017-10-18,1884,"""20170529""",23919656,2017-5-28,22423,"""20170718""",26719513174,2017-7-17,478347,"""20170222""",31409245051,2017-2-21,771664,"""20170831""",1168008172,2017-8-30,16756,"""20170510""",5222433544,2017-5-9,24192,"""20170610""",1816714704,9-Jun,31902,"""20170816""",2133362839,15-Aug,15354,"""20170825""",23868493,24-Aug,5555,"""20170825""",2106439135,24-Aug,208177,"""20170530""",3797481303,29-May,1613
"""20170725""",245614026,2017-7-24,12549,"""20171020""",52026213,2017-10-19,5274,"""20170530""",20707964,2017-5-29,16022,"""20170719""",30309600701,2017-7-18,259160,"""20170223""",32111336594,2017-2-22,680402,"""20170901""",1166474756,2017-8-31,24855,"""20170511""",4875935935,2017-5-10,17848,"""20170611""",1803508934,10-Jun,113291,"""20170817""",1967078904,16-Aug,8178,"""20170826""",22688371,25-Aug,8588,"""20170826""",2895099222,25-Aug,195042,"""20170531""",3456802769,30-May,9157
"""20170726""",213279992,2017-7-25,7507,"""20171021""",54720978,2017-10-20,1667,"""20170531""",13716367,2017-5-30,9137,"""20170720""",31839457447,2017-7-19,282875,"""20170224""",33688778635,2017-2-23,711526,"""20170902""",1051004286,2017-9-1,10191,"""20170512""",4312661031,2017-5-11,15923,"""20170612""",1227485955,11-Jun,76346,"""20170818""",1737638500,17-Aug,9812,"""20170827""",23828070,26-Aug,11868,"""20170827""",2111320749,26-Aug,206034,"""20170601""",3353160264,31-May,9421
"""20170727""",187756538,2017-7-26,11560,"""20171022""",53216802,2017-10-21,871,"""20170601""",8270615,2017-5-31,14702,"""20170721""",30504663042,2017-7-20,252909,"""20170225""",38159451707,2017-2-24,783640,"""20170903""",938172326,2017-9-2,10767,"""20170513""",3947308176,2017-5-12,10273,"""20170613""",935483480,12-Jun,64771,"""20170819""",1614720152,18-Aug,10014,"""20170828""",20664982,27-Aug,75741,"""20170828""",1298695174,27-Aug,155020,"""20170602""",3348712505,1-Jun,2566
"""20170728""",164586704,2017-7-27,11654,"""20171023""",38740698,2017-10-22,1730,"""20170602""",5861136,2017-6-1,24490,"""20170722""",13816327839,2017-7-21,175110,"""20170226""",31269767496,2017-2-25,997834,"""20170904""",612743166,2017-9-3,9922,"""20170514""",3720759038,2017-5-13,9227,"""20170614""",762967122,13-Jun,30580,"""20170820""",1561251409,19-Aug,6518,"""20170829""",20280544,28-Aug,36051,"""20170829""",1046615636,28-Aug,191000,"""20170603""",3646488311,2-Jun,3977
"""20170729""",162459225,2017-7-28,8722,"""20171024""",35737045,2017-10-23,828,"""20170603""",7664911,2017-6-2,28277,"""20170723""",10371085469,2017-7-22,172685,"""20170227""",30504156219,2017-2-26,880588,"""20170905""",511106022,2017-9-4,6191,"""20170515""",3136728654,2017-5-14,21272,"""20170615""",644443309,14-Jun,46158,"""20170821""",1261411578,20-Aug,6030,"""20170830""",18875993,29-Aug,93149,"""20170830""",810019121,29-Aug,216630,"""20170604""",3961467992,3-Jun,4800
"""20170730""",169571398,2017-7-29,10438,"""20171025""",32659847,2017-10-24,936,"""20170604""",9803764,2017-6-3,9546,"""20170724""",7673289367,2017-7-23,190765,"""20170228""",33551524193,2017-2-27,867322,"""20170906""",425645413,2017-9-5,6919,"""20170516""",2648957913,2017-5-15,8839,"""20170616""",553391692,15-Jun,43658,"""20170822""",1165556459,21-Aug,6763,"""20170831""",16441939,30-Aug,90467,"""20170831""",780797103,30-Aug,179519,"""20170605""",3140341966,4-Jun,5809
"""20170731""",139761343,2017-7-30,17985,"""20171026""",29806181,2017-10-25,675,"""20170605""",8032801,2017-6-4,12182,"""20170725""",22187300866,2017-7-24,216118,"""20170301""",36659803260,2017-2-28,1016053,"""20170907""",338540114,2017-9-6,6281,"""20170517""",2324838023,2017-5-16,15637,"""20170617""",520505530,16-Jun,36041,"""20170823""",1088298124,22-Aug,30525,"""20170901""",12867482,31-Aug,60608,"""20170901""",1827007244,31-Aug,275793,"""20170606""",2732863116,5-Jun,2663
"""20170801""",122311942,2017-7-31,7865,"""20171027""",28294335,2017-10-26,444,"""20170606""",6580106,2017-6-5,24184,"""20170726""",25694090445,2017-7-25,300529,"""20170302""",35646722706,2017-3-1,1127245,"""20170908""",303562062,2017-9-7,4915,"""20170518""",2075034650,2017-5-17,11231,"""20170618""",508093059,17-Jun,25073,"""20170824""",967257045,23-Aug,10090,"""20170902""",15725968,1-Sep,48270,"""20170902""",2869535823,1-Sep,202571,"""20170607""",2290195533,6-Jun,5178
"""20170802""",112606345,2017-8-1,9520,"""20171028""",30356992,2017-10-27,473,"""20170607""",4790922,2017-6-6,34948,"""20170727""",26876322376,2017-7-26,223967,"""20170303""",18523853879,2017-3-2,1147090,"""20170909""",339969588,2017-9-8,15512,"""20170519""",1873149872,2017-5-18,23158,"""20170619""",444783254,18-Jun,80055,"""20170825""",866574807,24-Aug,7823,"""20170903""",15600486,2-Sep,36649,"""20170903""",2069043417,2-Sep,199214,"""20170608""",2141555261,7-Jun,768
"""20170803""",108173236,2017-8-2,6877,"""20171029""",30160370,2017-10-28,1265,"""20170608""",4833598,2017-6-7,23044,"""20170728""",27131497496,2017-7-27,236454,"""20170304""",17637815693,2017-3-3,1120659,"""20170910""",362745155,2017-9-9,10869,"""20170520""",1770348323,2017-5-19,40238,"""20170620""",359156767,19-Jun,28990,"""20170826""",806574028,25-Aug,13598,"""20170904""",10300898,3-Sep,40080,"""20170904""",1382039254,3-Sep,138230,"""20170609""",1977806577,8-Jun,1740
"""20170804""",99295265,2017-8-3,7082,"""20171030""",20379018,2017-10-29,1042,"""20170609""",5429355,2017-6-8,25402,"""20170729""",12686921693,2017-7-28,187092,"""20170305""",15928700676,2017-3-4,1187830,"""20170911""",253256758,2017-9-10,6851,"""20170521""",1806403002,2017-5-20,6580,"""20170621""",318521885,20-Jun,35481,"""20170827""",842505903,26-Aug,6671,"""20170905""",9526532,4-Sep,29541,"""20170905""",1053283241,4-Sep,200426,"""20170610""",1843689247,9-Jun,1260
"""20170805""",96092469,2017-8-4,9072,"""20171031""",17846207,2017-10-30,599,"""20170610""",6852858,2017-6-9,48347,"""20170730""",9193384988,2017-7-29,158038,"""20170306""",10671410038,2017-3-5,1038660,"""20170912""",225240794,2017-9-11,4683,"""20170522""",1507825265,2017-5-21,21545,"""20170622""",284686525,21-Jun,20640,"""20170828""",612857345,27-Aug,8733,"""20170906""",8820860,5-Sep,25734,"""20170906""",898449759,5-Sep,150190,"""20170611""",1753290970,10-Jun,522
"""20170806""",98011137,2017-8-5,7727,"""20171101""",15499108,2017-10-31,1330,"""20170611""",7327835,2017-6-10,38197,"""20170731""",12773416897,2017-7-30,186322,"""20170307""",9471218869,2017-3-6,947124,"""20170913""",195344122,2017-9-12,5591,"""20170523""",1339166918,2017-5-22,30365,"""20170623""",256257913,22-Jun,14846,"""20170829""",613569545,28-Aug,4854,"""20170907""",8425731,6-Sep,28860,"""20170907""",1671380055,6-Sep,185674,"""20170612""",1594237608,11-Jun,483
"""20170807""",82453651,2017-8-6,4718,,,,,"""20170612""",6129210,2017-6-11,45658,"""20170801""",19918469888,2017-7-31,281936,"""20170308""",8005291567,2017-3-7,1014866,"""20170914""",162878503,2017-9-13,6230,"""20170524""",1194440630,2017-5-23,7079,"""20170624""",254245039,23-Jun,12564,"""20170830""",562117385,29-Aug,7621,"""20170908""",9290791,7-Sep,22875,"""20170908""",2575381905,7-Sep,206851,"""20170613""",1449919824,12-Jun,12103
"""20170808""",76091297,2017-8-7,5438,,,,,"""20170613""",5884352,2017-6-12,202574,"""20170802""",22602429564,2017-8-1,596608,"""20170309""",7849555812,2017-3-8,977081,"""20170915""",144435733,2017-9-14,5258,"""20170525""",1194440630,2017-5-24,16488,"""20170625""",255452641,24-Jun,13121,"""20170831""",507599340,30-Aug,9920,"""20170909""",13047325,8-Sep,65510,"""20170909""",3132878189,8-Sep,143256,"""20170614""",1312331337,13-Jun,357
"""20170809""",72498747,2017-8-8,5165,,,,,"""20170614""",5250032,2017-6-13,189921,"""20170803""",8602513623,2017-8-2,621778,"""20170310""",8037913308,2017-3-9,800514,"""20170916""",156977308,2017-9-15,3496,"""20170526""",934602302,2017-5-25,29180,"""20170626""",215946970,25-Jun,14217,"""20170901""",462545541,31-Aug,7042,"""20170910""",13496097,9-Sep,25129,"""20170910""",2456684637,9-Sep,194807,"""20170615""",1170101928,14-Jun,407
"""20170810""",70240720,2017-8-9,3984,,,,,"""20170615""",4808461,2017-6-14,98915,"""20170804""",5595726998,2017-8-3,188615,"""20170311""",8504842970,2017-3-10,903787,"""20170917""",152189433,2017-9-16,11051,"""20170527""",875465221,2017-5-26,23276,"""20170627""",182581605,26-Jun,12855,"""20170902""",458644715,1-Sep,5212,"""20170911""",8057620,10-Sep,30668,"""20170911""",1626994852,10-Sep,128821,"""20170616""",1016286391,15-Jun,7448
"""20170811""",65935118,2017-8-10,8417,,,,,"""20170616""",4756706,2017-6-15,92976,"""20170805""",4511358836,2017-8-4,126357,"""20170312""",8343165910,2017-3-11,781244,"""20170918""",103947604,2017-9-17,5664,"""20170528""",905383035,2017-5-27,11095,"""20170628""",160240935,27-Jun,8378,"""20170903""",475477941,2-Sep,6236,"""20170912""",7483176,11-Sep,53843,"""20170912""",1229147310,11-Sep,104776,"""20170617""",934776022,16-Jun,2761
"""20170812""",65289563,2017-8-11,5327,,,,,"""20170617""",5602884,2017-6-16,102729,"""20170806""",4089743418,2017-8-5,80539,"""20170313""",5842392992,2017-3-12,676396,"""20170919""",95436275,2017-9-18,2604,"""20170529""",878342002,2017-5-28,6393,"""20170629""",143551956,28-Jun,7420,"""20170904""",398312470,3-Sep,4712,"""20170913""",7543850,12-Sep,43598,"""20170913""",1050423266,12-Sep,116006,"""20170618""",900099968,17-Jun,257
"""20170813""",65820785,2017-8-12,7521,,,,,"""20170618""",5581807,2017-6-17,11351,"""20170807""",3184927857,2017-8-6,98549,"""20170314""",4748775208,2017-3-13,889126,"""20170920""",86683130,2017-9-19,6431,"""20170530""",866641961,2017-5-29,5297,"""20170630""",143551956,29-Jun,6290,"""20170905""",378316345,4-Sep,3387,"""20170914""",7293000,13-Sep,31425,"""20170914""",1842126210,13-Sep,134322,"""20170619""",789669289,18-Jun,429
"""20170814""",55057091,2017-8-13,4023,,,,,"""20170619""",4431870,2017-6-18,42463,"""20170808""",2714661815,2017-8-7,53393,"""20170315""",4343100597,2017-3-14,951668,"""20170921""",75433764,2017-9-20,4617,"""20170531""",645825269,2017-5-30,4829,"""20170701""",135463213,30-Jun,11249,"""20170906""",339986003,5-Sep,4880,"""20170915""",8484925,14-Sep,29265,"""20170915""",2526057214,14-Sep,157012,"""20170620""",684158964,19-Jun,330
"""20170815""",49950051,2017-8-14,3677,,,,,"""20170620""",4063851,2017-6-19,20981,"""20170809""",2287723611,2017-8-8,54413,"""20170316""",3902548209,2017-3-15,1032719,"""20170922""",71411702,2017-9-21,3803,"""20170601""",585218473,2017-5-31,4501,"""20170702""",135463213,1-Jul,8673,"""20170907""",309294499,6-Sep,3734,"""20170916""",12370397,15-Sep,51799,"""20170916""",2886697032,15-Sep,130406,"""20170621""",619183571,20-Jun,277
"""20170816""",46445902,2017-8-15,4297,,,,,"""20170621""",4428467,2017-6-20,26977,"""20170810""",1995758145,2017-8-9,55029,"""20170317""",3970092892,2017-3-16,940902,"""20170923""",97533602,2017-9-22,3873,"""20170602""",549941473,2017-6-1,8699,"""20170703""",116785921,2-Jul,8611,"""20170908""",282412482,7-Sep,3969,"""20170917""",12325265,16-Sep,48607,"""20170917""",2231268659,16-Sep,110144,"""20170622""",566778825,21-Jun,303
"""20170817""",44919758,2017-8-16,11392,,,,,"""20170622""",4811906,2017-6-21,197570,"""20170811""",1761328034,2017-8-10,37609,"""20170318""",4328788387,2017-3-17,1075088,"""20170924""",114730826,2017-9-23,5012,"""20170603""",568646968,2017-6-2,5278,"""20170704""",95144885,3-Jul,7219,"""20170909""",279887341,8-Sep,3377,"""20170918""",7484477,17-Sep,46445,"""20170918""",1630241948,17-Sep,115284,"""20170623""",506613139,22-Jun,580
"""20170818""",40839053,2017-8-17,5245,,,,,"""20170623""",5806843,2017-6-22,74093,"""20170812""",1659102769,2017-8-11,67275,"""20170319""",4281739809,2017-3-18,941459,"""20170925""",88798135,2017-9-24,3700,"""20170604""",611292909,2017-6-3,4796,"""20170705""",84692741,4-Jul,5976,"""20170910""",292541944,9-Sep,3047,"""20170919""",7221050,18-Sep,35364,"""20170919""",1324286931,18-Sep,82751,"""20170624""",478215198,23-Jun,331
"""20170819""",39015956,2017-8-18,4863,,,,,"""20170624""",5870023,2017-6-23,36357,"""20170813""",1558994586,2017-8-12,35122,"""20170320""",2884212197,2017-3-19,684175,"""20170926""",76701665,2017-9-25,2730,"""20170605""",537371678,2017-6-4,4738,"""20170706""",79078224,5-Jul,3616,"""20170911""",234192044,10-Sep,2385,"""20170920""",7016692,19-Sep,28097,"""20170920""",1135644363,19-Sep,83275,"""20170625""",473491922,24-Jun,269
"""20170820""",39541112,2017-8-19,5920,,,,,"""20170625""",5418882,2017-6-24,28422,"""20170814""",1236793125,2017-8-13,39777,"""20170321""",2526358031,2017-3-20,657887,"""20170927""",63884520,2017-9-26,3778,"""20170606""",472493735,2017-6-5,6432,"""20170707""",71038528,6-Jul,5579,"""20170912""",212881134,11-Sep,9581,"""20170921""",6572225,20-Sep,24704,"""20170921""",1907947575,20-Sep,126838,"""20170626""",406184995,25-Jun,281
"""20170821""",34924567,2017-8-20,5209,,,,,"""20170626""",3875846,2017-6-25,13767,"""20170815""",1079714160,2017-8-14,57621,"""20170322""",2512797627,2017-3-21,872572,"""20170928""",53973802,2017-9-27,8472,"""20170607""",391997740,2017-6-6,6260,"""20170708""",72669429,7-Jul,5904,"""20170913""",202901492,12-Sep,7519,"""20170922""",7658849,21-Sep,20520,"""20170922""",2761521008,21-Sep,134668,"""20170627""",361999124,26-Jun,2383
"""20170822""",32950306,2017-8-21,3673,,,,,"""20170627""",3168180,2017-6-26,12151,"""20170816""",967318759,2017-8-15,33529,"""20170323""",2226530729,2017-3-22,1141679,"""20170929""",47653539,2017-9-28,3388,"""20170608""",376153244,2017-6-7,3859,"""20170709""",77938208,8-Jul,7598,"""20170914""",192991328,13-Sep,3828,"""20170923""",11340387,22-Sep,19139,"""20170923""",3398572543,22-Sep,165241,"""20170628""",331093420,27-Jun,10843
"""20170823""",33164822,2017-8-22,15163,,,,,"""20170628""",2781189,2017-6-27,8985,"""20170817""",888350001,2017-8-16,28101,"""20170324""",2308997797,2017-3-23,709394,"""20170930""",50632828,2017-9-29,3432,"""20170609""",372952262,2017-6-8,8516,"""20170710""",65260938,9-Jul,7964,"""20170915""",182463992,14-Sep,4293,"""20170924""",11396682,23-Sep,17684,"""20170924""",2538887437,23-Sep,78443,"""20170629""",306603881,28-Jun,422
"""20170824""",31010430,2017-8-23,4472,,,,,"""20170629""",2618230,2017-6-28,13664,"""20170818""",788268572,2017-8-17,25180,"""20170325""",2420462649,2017-3-24,340083,"""20171001""",58417019,2017-9-30,5039,"""20170610""",382605471,2017-6-9,38254,"""20170711""",53358753,10-Jul,13626,"""20170916""",176969842,15-Sep,4109,"""20170925""",6977298,24-Sep,14681,"""20170925""",1868552862,24-Sep,86150,"""20170630""",306603881,29-Jun,236
"""20170825""",28299052,2017-8-24,3824,,,,,"""20170630""",2618230,2017-6-29,23418,"""20170819""",737316153,2017-8-18,24626,"""20170326""",2161054721,2017-3-25,239631,"""20171002""",25693345,2017-10-1,6350,"""20170611""",369877251,2017-6-10,75428,"""20170712""",46491935,11-Jul,16274,"""20170917""",176666299,16-Sep,2623,"""20170926""",6516574,25-Sep,14593,"""20170926""",1471871885,25-Sep,133896,"""20170701""",284707265,30-Jun,167
"""20170826""",27310523,2017-8-25,15031,,,,,"""20170701""",2805658,2017-6-30,8346,"""20170820""",724719765,2017-8-19,20627,"""20170327""",1417629364,2017-3-26,372048,"""20171003""",26962928,2017-10-2,7953,"""20170612""",330804948,2017-6-11,129299,"""20170713""",42683425,12-Jul,80058,"""20170918""",152348724,17-Sep,1753,"""20170927""",6222292,26-Sep,11809,"""20170927""",1213254244,26-Sep,146821,"""20170702""",284707265,1-Jul,129
"""20170827""",29079172,2017-8-26,7563,,,,,"""20170702""",2805658,2017-7-1,6232,"""20170821""",605153606,2017-8-20,16434,"""20170328""",1380333047,2017-3-27,882230,"""20171004""",24747032,2017-10-3,7805,"""20170613""",322370110,2017-6-12,42672,"""20170714""",38384249,13-Jul,49859,"""20170919""",151291603,18-Sep,1979,"""20170928""",5952138,27-Sep,7129,"""20170928""",2073179153,27-Sep,91311,"""20170703""",254809679,2-Jul,136
"""20170828""",21968054,2017-8-27,15563,,,,,"""20170703""",2035390,2017-7-2,4902,"""20170822""",564350267,2017-8-21,18612,"""20170329""",1309890963,2017-3-28,1671727,"""20171005""",23080350,2017-10-4,7357,"""20170614""",305040847,2017-6-13,7076,"""20170715""",39159757,14-Jul,5501,"""20170920""",146412449,19-Sep,2593,"""20170929""",5916612,28-Sep,6180,"""20170929""",2758298084,28-Sep,88719,"""20170704""",226274973,3-Jul,169
"""20170829""",21612012,2017-8-28,7248,,,,,"""20170704""",1716919,2017-7-3,5584,"""20170823""",526608734,2017-8-22,43069,"""20170330""",1344620169,2017-3-29,2161819,"""20171006""",20650384,2017-10-5,5596,"""20170615""",287421989,2017-6-14,5003,"""20170716""",41275907,15-Jul,3568,"""20170921""",135538895,20-Sep,29727,"""20170930""",7772511,29-Sep,4624,"""20170930""",3672417837,29-Sep,225534,"""20170705""",207522001,4-Jul,126
"""20170830""",20118521,2017-8-29,11554,,,,,"""20170705""",1509283,2017-7-4,20691,"""20170824""",474709122,2017-8-23,23378,"""20170331""",1237115253,2017-3-30,2401668,"""20171007""",20906616,2017-10-6,2731,"""20170616""",265771582,2017-6-15,21541,"""20170717""",35351752,16-Jul,5545,"""20170922""",128041277,21-Sep,2833,"""20171001""",12168364,30-Sep,3771,"""20171001""",2264829025,30-Sep,102223,"""20170706""",197556850,5-Jul,104
"""20170831""",17518756,2017-8-30,8294,,,,,"""20170706""",1661282,2017-7-5,4316,"""20170825""",433115631,2017-8-24,16307,"""20170401""",1226091480,2017-3-31,1788378,"""20171008""",20718587,2017-10-7,3477,"""20170617""",260121210,2017-6-16,15970,"""20170718""",30738865,17-Jul,3851,"""20170923""",127004117,22-Sep,2268,"""20171002""",12489873,1-Oct,4245,"""20171002""",1659926578,1-Oct,33880,"""20170707""",174914203,6-Jul,77
"""20170901""",14567601,2017-8-31,5481,,,,,"""20170707""",1427622,2017-7-6,21395,"""20170826""",402913031,2017-8-25,26498,"""20170402""",1414481717,2017-4-1,673159,"""20171009""",17040264,2017-10-8,4512,"""20170618""",266623038,2017-6-17,5699,"""20170719""",27258559,18-Jul,2994,"""20170924""",133123039,23-Sep,1969,"""20171003""",13896647,2-Oct,3892,"""20171003""",1377054570,2-Oct,31922,"""20170708""",175175372,7-Jul,92
"""20170902""",17227571,2017-9-1,4222,,,,,"""20170708""",1609315,2017-7-7,2050,"""20170827""",424961772,2017-8-26,23748,"""20170403""",1453436868,2017-4-2,538443,"""20171010""",17995143,2017-10-9,4157,"""20170619""",234703909,2017-6-18,5186,"""20170720""",24639711,19-Jul,3882,"""20170925""",115054568,24-Sep,1747,"""20171004""",13635450,3-Oct,5095,"""20171004""",1043533904,3-Oct,27459,"""20170709""",181868484,8-Jul,123
"""20170903""",16928101,2017-9-2,6044,,,,,"""20170709""",1743183,2017-7-8,2684,"""20170828""",327481725,2017-8-27,18258,"""20170404""",1449384285,2017-4-3,478465,"""20171011""",25448773,2017-10-10,2472,"""20170620""",217050206,2017-6-19,4422,"""20170721""",22366494,20-Jul,2397,"""20170926""",112256978,25-Sep,2244,"""20171005""",13817353,4-Oct,8731,"""20171005""",901921019,4-Oct,18577,"""20170710""",113155828,9-Jul,354
"""20170904""",11358766,2017-9-3,4409,,,,,"""20170710""",1321023,2017-7-9,7792,"""20170829""",324071410,2017-8-28,19463,"""20170405""",910810592,2017-4-4,271453,"""20171012""",27579520,2017-10-11,1797,"""20170621""",210817878,2017-6-20,3333,"""20170722""",22772148,21-Jul,4954,"""20170927""",105308233,26-Sep,2571,"""20171006""",13628662,5-Oct,4223,"""20171006""",761149315,5-Oct,19322,"""20170711""",70999277,10-Jul,159
"""20170905""",10406958,2017-9-4,8730,,,,,"""20170711""",1100707,2017-7-10,3403,"""20170830""",295843627,2017-8-29,18793,"""20170406""",837623254,2017-4-5,143904,"""20171013""",27275024,2017-10-12,2322,"""20170622""",205059513,2017-6-21,9967,"""20170723""",24965626,22-Jul,46338,"""20170928""",95285950,27-Sep,2734,"""20171007""",14311256,6-Oct,4770,"""20171007""",700006847,6-Oct,36026,"""20170712""",58873793,11-Jul,132
"""20170906""",9592694,2017-9-5,5750,,,,,"""20170712""",976978,2017-7-11,2566,"""20170831""",265323865,2017-8-30,16853,"""20170407""",844463468,2017-4-6,89580,"""20171014""",33478478,2017-10-13,1665,"""20170623""",190264851,2017-6-22,7563,"""20170724""",21394137,23-Jul,36172,"""20170929""",88498072,28-Sep,2711,"""20171008""",13473936,7-Oct,5431,"""20171008""",662741849,7-Oct,83402,"""20170713""",50860388,12-Jul,82
"""20170907""",9008392,2017-9-6,4787,,,,,"""20170713""",1000187,2017-7-12,5637,"""20170901""",231950593,2017-8-31,13768,"""20170408""",1098716062,2017-4-7,100498,"""20171015""",39364275,2017-10-14,1957,"""20170624""",190656205,2017-6-23,7548,"""20170725""",18097774,24-Jul,13267,"""20170930""",93214029,29-Sep,2098,"""20171009""",8839895,8-Oct,6798,"""20171009""",570800590,8-Oct,29132,"""20170714""",43131571,13-Jul,66
"""20170908""",9722522,2017-9-7,4353,,,,,"""20170714""",848377,2017-7-13,6319,"""20170902""",235310882,2017-9-1,15105,"""20170409""",1144970994,2017-4-8,99984,"""20171016""",31084207,2017-10-15,1351,"""20170625""",195495410,2017-6-24,11571,"""20170726""",16507712,25-Jul,20636,"""20171001""",99709163,30-Sep,1943,"""20171010""",9177173,9-Oct,23152,"""20171010""",519572844,9-Oct,13585,"""20170715""",41115278,14-Jul,81
"""20170909""",13373923,2017-9-8,6121,,,,,"""20170715""",990216,2017-7-14,3307,"""20170903""",239562754,2017-9-2,25186,"""20170410""",781401487,2017-4-9,103714,"""20171017""",29796603,2017-10-16,1153,"""20170626""",163713258,2017-6-25,7458,"""20170727""",15443068,26-Jul,18693,"""20171002""",102559686,1-Oct,1377,"""20171011""",8811011,10-Oct,7879,"""20171011""",459685716,10-Oct,13449,"""20170716""",43994292,15-Jul,98
"""20170910""",13701884,2017-9-9,5937,,,,,"""20170716""",1084424,2017-7-15,2602,"""20170904""",192983559,2017-9-3,12710,"""20170411""",696626467,2017-4-10,105030,"""20171018""",27290780,2017-10-17,3196,"""20170627""",152975861,2017-6-26,6197,"""20170728""",14398980,27-Jul,11411,"""20171003""",111523790,2-Oct,1416,"""20171012""",8557001,11-Oct,7939,"""20171012""",399495244,11-Oct,21821,"""20170717""",35242470,16-Jul,106
"""20170911""",8161462,2017-9-10,7821,,,,,"""20170717""",769203,2017-7-16,2257,"""20170905""",180633114,2017-9-4,10486,"""20170412""",627928059,2017-4-11,126010,"""20171019""",25083321,2017-10-18,2212,"""20170628""",147919113,2017-6-27,9898,"""20170729""",14895831,28-Jul,3310,"""20171004""",102212381,3-Oct,1535,"""20171013""",8922452,12-Oct,8016,"""20171013""",344292145,12-Oct,17216,"""20170718""",30255370,17-Jul,100
"""20170912""",7810359,2017-9-11,5672,,,,,"""20170718""",658247,2017-7-17,1568,"""20170906""",161626947,2017-9-5,11123,"""20170413""",591850805,2017-4-12,86639,"""20171020""",24287269,2017-10-19,4156,"""20170629""",145646616,2017-6-28,6300,"""20170730""",16179612,29-Jul,3387,"""20171005""",100628195,4-Oct,1711,"""20171014""",13382413,13-Oct,6376,"""20171014""",332739075,13-Oct,13008,"""20170719""",26316171,18-Jul,122
"""20170913""",7468645,2017-9-12,4981,,,,,"""20170719""",613787,2017-7-18,1395,"""20170907""",146513995,2017-9-6,9149,"""20170414""",599685509,2017-4-13,187767,"""20171021""",29257295,2017-10-20,1635,"""20170630""",145646616,2017-6-29,4577,"""20170731""",14226135,30-Jul,3441,"""20171006""",96811994,5-Oct,1540,"""20171015""",13832787,14-Oct,6428,"""20171015""",334122242,14-Oct,10095,"""20170720""",23200201,19-Jul,79
"""20170914""",7190995,2017-9-13,4529,,,,,"""20170720""",573071,2017-7-19,2040,"""20170908""",139332643,2017-9-7,12492,"""20170415""",696486063,2017-4-14,180841,"""20171022""",30892329,2017-10-21,1506,"""20170701""",146137858,2017-6-30,8837,"""20170801""",12937857,31-Jul,2151,"""20171007""",102007241,6-Oct,1449,"""20171016""",8657742,15-Oct,4422,"""20171016""",279509765,15-Oct,18211,"""20170721""",20977975,20-Jul,80
"""20170915""",7871232,2017-9-14,4139,,,,,"""20170721""",511825,2017-7-20,2085,"""20170909""",148336194,2017-9-8,15527,"""20170416""",780169409,2017-4-15,207520,"""20171023""",22488358,2017-10-22,3458,"""20170702""",146137858,2017-7-1,5044,"""20170802""",12451381,1-Aug,2266,"""20171008""",106956719,7-Oct,1617,"""20171017""",8162103,16-Oct,3774,"""20171017""",253764688,16-Oct,46536,"""20170722""",20109405,21-Jul,331
"""20170916""",11092487,2017-9-15,4503,,,,,"""20170722""",631119,2017-7-21,1995,"""20170910""",154945984,2017-9-9,11556,"""20170417""",503227794,2017-4-16,245083,"""20171024""",22703578,2017-10-23,1949,"""20170703""",129870604,2017-7-2,4519,"""20170803""",13073858,2-Aug,6968,"""20171009""",100456790,8-Oct,1588,"""20171018""",7568905,17-Oct,3368,"""20171018""",220733396,17-Oct,26027,"""20170723""",21414579,22-Jul,50
"""20170917""",10963247,2017-9-16,3388,,,,,"""20170723""",755422,2017-7-22,2529,"""20170911""",117696276,2017-9-10,8393,"""20170418""",451365298,2017-4-17,163103,"""20171025""",23459958,2017-10-24,1949,"""20170704""",120129041,2017-7-3,4740,"""20170804""",12539768,3-Aug,3213,"""20171010""",103062488,9-Oct,5642,"""20171019""",6958897,18-Oct,5555,"""20171019""",185587234,18-Oct,21109,"""20170724""",17319066,23-Jul,80
"""20170918""",6393219,2017-9-17,4171,,,,,"""20170724""",574853,2017-7-23,2322,"""20170912""",106644139,2017-9-11,15133,"""20170419""",453050020,2017-4-18,314710,"""20171026""",22289412,2017-10-25,1726,"""20170705""",114153836,2017-7-4,3998,"""20170805""",12499921,4-Aug,2825,"""20171011""",99106242,10-Oct,2522,"""20171020""",7911818,19-Oct,2298,"""20171020""",170288757,19-Oct,11135,"""20170725""",14768420,24-Jul,69
"""20170919""",6360508,2017-9-18,4004,,,,,"""20170725""",502310,2017-7-24,2863,"""20170913""",102563108,2017-9-12,15872,"""20170420""",442995561,2017-4-19,275501,"""20171027""",22065144,2017-10-26,1223,"""20170706""",116420186,2017-7-5,3542,"""20170806""",13452296,5-Aug,2759,"""20171012""",93234324,11-Oct,1400,"""20171021""",11532695,20-Oct,1895,"""20171021""",163133179,20-Oct,5829,"""20170726""",13658957,25-Jul,143
"""20170920""",6275701,2017-9-19,4496,,,,,"""20170726""",487279,2017-7-25,3562,"""20170914""",96867929,2017-9-13,13943,"""20170421""",472586330,2017-4-20,217864,"""20171028""",25417648,2017-10-27,1480,"""20170707""",108312463,2017-7-6,6896,"""20170807""",12195257,6-Aug,3999,"""20171013""",84254860,12-Oct,2530,"""20171022""",11209057,21-Oct,1714,"""20171022""",162038035,21-Oct,4716,"""20170727""",12545720,26-Jul,16500
"""20170921""",5906049,2017-9-20,3977,,,,,"""20170727""",465236,2017-7-26,2802,"""20170915""",95120238,2017-9-14,18643,"""20170422""",542441629,2017-4-21,200223,"""20171029""",26067587,2017-10-28,1481,"""20170708""",112415205,2017-7-7,5005,"""20170808""",11863971,7-Aug,3245,"""20171014""",85633096,13-Oct,6418,"""20171023""",6443448,22-Oct,2447,"""20171023""",133496287,22-Oct,5468,"""20170728""",11479703,27-Jul,5574
"""20170922""",6605919,2017-9-21,3816,,,,,"""20170728""",476433,2017-7-27,3827,"""20170916""",100530829,2017-9-15,14212,"""20170423""",555592173,2017-4-22,179538,"""20171030""",18140714,2017-10-29,1745,"""20170709""",119874811,2017-7-8,3449,"""20170809""",11442310,8-Aug,2995,"""20171015""",89601543,14-Oct,4005,"""20171024""",6260856,23-Oct,1511,"""20171024""",123649218,23-Oct,15771,"""20170729""",11423502,28-Jul,1013
"""20170923""",9897445,2017-9-22,3555,,,,,"""20170729""",603274,2017-7-28,1737,"""20170917""",99530070,2017-9-16,11497,"""20170424""",386141062,2017-4-23,172946,"""20171031""",16840640,2017-10-30,4174,"""20170710""",99539439,2017-7-9,3215,"""20170810""",11113375,9-Aug,3638,"""20171016""",76409177,15-Oct,2191,"""20171025""",6097988,24-Oct,2480,"""20171025""",115911100,24-Oct,7153,"""20170730""",11521594,29-Jul,210
"""20170924""",9766572,2017-9-23,3612,,,,,"""20170730""",682392,2017-7-29,4212,"""20170918""",79504412,2017-9-17,10419,"""20170425""",384092536,2017-4-24,170669,"""20171101""",14854142,2017-10-31,2915,"""20170711""",94412578,2017-7-10,2204,"""20170811""",10594829,10-Aug,3718,"""20171017""",73847823,16-Oct,15607,"""20171026""",5886235,25-Oct,1755,"""20171026""",103394905,25-Oct,5423,"""20170731""",9958790,30-Jul,373
"""20170925""",5746964,2017-9-24,4478,,,,,"""20170731""",535008,2017-7-30,10625,"""20170919""",78712154,2017-9-18,14993,"""20170426""",366580233,2017-4-25,185074,,,,,"""20170712""",90791239,2017-7-11,3833,"""20170812""",10673371,11-Aug,2713,"""20171018""",67302523,17-Oct,1932,"""20171027""",6829172,26-Oct,1580,"""20171027""",98407177,26-Oct,11477,"""20170801""",9251313,31-Jul,199
"""20170926""",5465259,2017-9-25,10081,,,,,"""20170801""",485212,2017-7-31,3023,"""20170920""",77012177,2017-9-19,10369,"""20170427""",336834216,2017-4-26,151896,,,,,"""20170713""",89098254,2017-7-12,3478,"""20170813""",10822530,12-Aug,1138,"""20171019""",61032873,18-Oct,1888,"""20171028""",10088756,27-Oct,1974,"""20171028""",92112131,27-Oct,5055,"""20170802""",8447007,1-Aug,165
"""20170927""",5243418,2017-9-26,5255,,,,,"""20170802""",477730,2017-8-1,4395,"""20170921""",71349347,2017-9-20,13474,"""20170428""",340565009,2017-4-27,131887,,,,,"""20170714""",84129100,2017-7-13,4615,"""20170814""",9669192,13-Aug,1146,"""20171020""",57221368,19-Oct,1493,"""20171029""",9579115,28-Oct,1404,"""20171029""",90765451,28-Oct,5052,"""20170803""",8262418,2-Aug,94
"""20170928""",4987619,2017-9-27,7562,,,,,"""20170803""",512386,2017-8-2,2479,"""20170922""",70528091,2017-9-21,9065,"""20170429""",428691660,2017-4-28,102385,,,,,"""20170715""",87624400,2017-7-14,2387,"""20170815""",9184115,14-Aug,2751,"""20171021""",57843876,20-Oct,4310,"""20171030""",5218247,29-Oct,4013,"""20171030""",70270174,29-Oct,5903,"""20170804""",7665361,3-Aug,61
"""20170929""",4815018,2017-9-28,2536,,,,,"""20170804""",473150,2017-8-3,2594,"""20170923""",76415765,2017-9-22,10585,"""20170430""",471785356,2017-4-29,71247,,,,,"""20170716""",92248921,2017-7-15,2384,"""20170816""",8821572,15-Aug,2861,"""20171022""",59249451,21-Oct,13911,"""20171031""",4759894,30-Oct,1831,"""20171031""",63183992,30-Oct,3780,"""20170805""",7586809,4-Aug,92
"""20170930""",6352094,2017-9-29,1638,,,,,"""20170805""",520306,2017-8-4,1337,"""20170924""",79123477,2017-9-23,23617,"""20170501""",452266280,2017-4-30,82228,,,,,"""20170717""",78202339,2017-7-16,3189,"""20170817""",8748223,16-Aug,2751,"""20171023""",51261281,22-Oct,1291,"""20171101""",4484367,31-Oct,3144,"""20171101""",56931849,31-Oct,3589,"""20170806""",7932115,5-Aug,91
"""20171001""",9391181,2017-9-30,9110,,,,,"""20170806""",595043,2017-8-5,1593,"""20170925""",60883694,2017-9-24,12757,"""20170502""",281263499,2017-5-1,72585,,,,,"""20170718""",74094780,2017-7-17,3184,"""20170818""",8217208,17-Aug,4693,"""20171024""",50843883,23-Oct,3563,,,,,,,,,"""20170807""",6936935,6-Aug,98
"""20171002""",9576167,2017-10-1,4094,,,,,"""20170807""",478911,2017-8-6,2458,"""20170926""",58633997,2017-9-25,10594,"""20170503""",281263499,2017-5-2,60198,,,,,"""20170719""",70991749,2017-7-18,5212,"""20170819""",7988981,18-Aug,2634,"""20171025""",50350344,24-Oct,4257,,,,,,,,,"""20170808""",6621547,7-Aug,84
"""20171003""",10118422,2017-10-2,1606,,,,,"""20170808""",460906,2017-8-7,9172,"""20170927""",55622100,2017-9-26,13352,"""20170504""",281263499,2017-5-3,71411,,,,,"""20170720""",69232629,2017-7-19,6615,"""20170820""",8501653,19-Aug,2999,"""20171026""",49194653,25-Oct,1196,,,,,,,,,"""20170809""",6463126,8-Aug,102
"""20171004""",9407678,2017-10-3,2024,,,,,"""20170809""",397064,2017-8-8,1581,"""20170928""",51392128,2017-9-27,10796,"""20170505""",281263499,2017-5-4,136461,,,,,"""20170721""",66989168,2017-7-20,5200,"""20170821""",7736088,20-Aug,1641,"""20171027""",49727829,26-Oct,1372,,,,,,,,,"""20170810""",6158497,9-Aug,63
"""20171005""",9812820,2017-10-4,9034,,,,,"""20170810""",353993,2017-8-9,8587,"""20170929""",48436944,2017-9-28,14018,"""20170506""",281263499,2017-5-5,183537,,,,,"""20170722""",68234620,2017-7-21,4120,"""20170822""",7515059,21-Aug,1101,"""20171028""",48349730,27-Oct,1114,,,,,,,,,"""20170811""",6094138,10-Aug,68
"""20171006""",9343082,2017-10-5,3669,,,,,"""20170811""",1173771,2017-8-10,1036,"""20170930""",52814579,2017-9-29,8078,"""20170507""",316905090,2017-5-6,189674,,,,,"""20170723""",75772831,2017-7-22,3299,"""20170823""",7533078,22-Aug,5351,"""20171029""",49977787,28-Oct,2370,,,,,,,,,"""20170812""",6726963,11-Aug,97
"""20171007""",9997570,2017-10-6,2323,,,,,"""20170812""",961884,2017-8-11,1649,"""20171001""",63165674,2017-9-30,5693,"""20170508""",228683912,2017-5-7,195495,,,,,"""20170724""",64673522,2017-7-23,4328,"""20170824""",7069392,23-Aug,4342,"""20171030""",42937484,29-Oct,2621,,,,,,,,,"""20170813""",7488254,12-Aug,84
"""20171008""",8815373,2017-10-7,2006,,,,,"""20170813""",415948,2017-8-12,921,"""20171002""",62074556,2017-10-1,5793,"""20170509""",201721227,2017-5-8,182532,,,,,"""20170725""",60757517,2017-7-24,13581,"""20170825""",6728464,24-Aug,3765,"""20171031""",43466576,30-Oct,2798,,,,,,,,,"""20170814""",6559668,13-Aug,61
"""20171009""",4742330,2017-10-8,1500,,,,,"""20170814""",294618,2017-8-13,938,"""20171003""",66628702,2017-10-2,6702,"""20170510""",190183996,2017-5-9,140224,,,,,"""20170726""",60732984,2017-7-25,7431,"""20170826""",6217957,25-Aug,2665,"""20171101""",41378693,31-Oct,2989,,,,,,,,,"""20170815""",5965178,14-Aug,710
"""20171010""",4709960,2017-10-9,2590,,,,,"""20170815""",246506,2017-8-14,1071,"""20171004""",63566210,2017-10-3,5934,"""20170511""",189287833,2017-5-10,121012,,,,,"""20170727""",58854553,2017-7-26,5068,"""20170827""",6695322,26-Aug,2768,,,,,,,,,,,,,"""20170816""",5961338,15-Aug,51
"""20171011""",4688105,2017-10-10,1696,,,,,"""20170816""",242153,2017-8-15,830,"""20171005""",57396578,2017-10-4,5655,"""20170512""",194902388,2017-5-11,118539,,,,,"""20170728""",57499090,2017-7-27,10024,"""20170828""",5662578,27-Aug,2964,,,,,,,,,,,,,"""20170817""",5985291,16-Aug,198
"""20171012""",4573189,2017-10-11,2873,,,,,"""20170817""",233300,2017-8-16,1266,"""20171006""",53269693,2017-10-5,8156,"""20170513""",227742785,2017-5-12,65146,,,,,"""20170729""",60533830,2017-7-28,2469,"""20170829""",5635626,28-Aug,1519,,,,,,,,,,,,,"""20170818""",5596523,17-Aug,95
"""20171013""",5063280,2017-10-12,2295,,,,,"""20170818""",212389,2017-8-17,1246,"""20171007""",55113449,2017-10-6,8020,"""20170514""",231082872,2017-5-13,68724,,,,,"""20170730""",62941714,2017-7-29,4918,"""20170830""",5300698,29-Aug,3279,,,,,,,,,,,,,"""20170819""",6419608,18-Aug,64
"""20171014""",7948920,2017-10-13,1811,,,,,"""20170819""",250084,2017-8-18,976,"""20171008""",54734997,2017-10-7,8912,"""20170515""",177338065,2017-5-14,71981,,,,,"""20170731""",56373723,2017-7-30,11880,"""20170831""",4800625,30-Aug,2713,,,,,,,,,,,,,"""20170820""",8317717,19-Aug,155
"""20171015""",8150654,2017-10-14,3222,,,,,"""20170820""",253687,2017-8-19,769,"""20171009""",44035606,2017-10-8,6811,"""20170516""",152854475,2017-5-15,51869,,,,,"""20170801""",56904877,2017-7-31,4103,"""20170901""",4253174,31-Aug,2706,,,,,,,,,,,,,"""20170821""",8645897,20-Aug,236
"""20171016""",4502450,2017-10-15,7085,,,,,"""20170821""",186773,2017-8-20,694,"""20171010""",43333379,2017-10-9,6517,"""20170517""",142833691,2017-5-16,59109,,,,,"""20170802""",56796245,2017-8-1,4603,"""20170902""",4523245,1-Sep,1646,,,,,,,,,,,,,"""20170822""",8794230,21-Aug,244
"""20171017""",4428795,2017-10-16,2415,,,,,"""20170822""",185298,2017-8-21,963,"""20171011""",41582472,2017-10-10,6035,"""20170518""",137373255,2017-5-17,180438,,,,,"""20170803""",58456546,2017-8-2,10037,"""20170903""",4760533,2-Sep,1456,,,,,,,,,,,,,"""20170823""",9158946,22-Aug,101
"""20171018""",4208319,2017-10-17,1571,,,,,"""20170823""",191863,2017-8-22,761,"""20171012""",39840779,2017-10-11,5559,"""20170519""",143769053,2017-5-18,175558,,,,,"""20170804""",58375353,2017-8-3,6369,"""20170904""",3870319,3-Sep,2365,,,,,,,,,,,,,"""20170824""",8876666,23-Aug,190
"""20171019""",4048059,2017-10-18,1884,,,,,"""20170824""",172355,2017-8-23,4521,"""20171013""",37590953,2017-10-12,11150,"""20170520""",178848786,2017-5-19,118946,,,,,"""20170805""",60920920,2017-8-4,3401,"""20170905""",3713036,4-Sep,1690,,,,,,,,,,,,,"""20170825""",8882491,24-Aug,865
"""20171020""",5014886,2017-10-19,3422,,,,,"""20170825""",168184,2017-8-24,1424,"""20171014""",43428200,2017-10-13,14271,"""20170521""",205550030,2017-5-20,166043,,,,,"""20170806""",65253315,2017-8-5,2301,"""20170906""",3473747,5-Sep,1150,,,,,,,,,,,,,"""20170826""",9271168,25-Aug,719
"""20171021""",8175979,2017-10-20,2386,,,,,"""20170826""",185088,2017-8-25,631,"""20171015""",47441528,2017-10-14,10712,"""20170522""",154464535,2017-5-21,160955,,,,,"""20170807""",59012111,2017-8-6,2624,"""20170907""",3249052,6-Sep,3379,,,,,,,,,,,,,"""20170827""",10797946,26-Aug,1834
"""20171022""",7693722,2017-10-21,2036,,,,,"""20170827""",215011,2017-8-26,549,"""20171016""",38088844,2017-10-15,13273,"""20170523""",146272059,2017-5-22,194776,,,,,"""20170808""",58280078,2017-8-7,2864,"""20170908""",3235843,7-Sep,1680,,,,,,,,,,,,,"""20170828""",9013204,27-Aug,308
"""20171023""",4020596,2017-10-22,1777,,,,,"""20170828""",152139,2017-8-27,821,"""20171017""",36513939,2017-10-16,16680,"""20170524""",139058887,2017-5-23,242284,,,,,"""20170809""",58158559,2017-8-8,2529,"""20170909""",3690986,8-Sep,2118,,,,,,,,,,,,,"""20170829""",9226855,28-Aug,208
"""20171024""",4053311,2017-10-23,1599,,,,,"""20170829""",179346,2017-8-28,2845,"""20171018""",33451840,2017-10-17,6793,"""20170525""",139058887,2017-5-24,234126,,,,,"""20170810""",56850375,2017-8-9,2996,"""20170910""",3943663,9-Sep,1082,,,,,,,,,,,,,"""20170830""",9064857,29-Aug,103
"""20171025""",4016277,2017-10-24,2514,,,,,"""20170830""",183630,2017-8-29,2144,"""20171019""",30241112,2017-10-18,7715,"""20170526""",122825300,2017-5-25,207391,,,,,"""20170811""",56524042,2017-8-10,3585,"""20170911""",3037065,10-Sep,786,,,,,,,,,,,,,"""20170831""",8840955,30-Aug,87
"""20171026""",3899040,2017-10-25,1453,,,,,"""20170831""",162771,2017-8-30,636,"""20171020""",30846224,2017-10-19,4759,"""20170527""",132188382,2017-5-26,286170,,,,,"""20170812""",59866820,2017-8-11,5262,"""20170912""",2761956,11-Sep,744,,,,,,,,,,,,,"""20170901""",8582336,31-Aug,84
"""20171027""",4817037,2017-10-26,1538,,,,,"""20170901""",150138,2017-8-31,923,"""20171021""",35133406,2017-10-20,4700,"""20170528""",178929537,2017-5-27,191989,,,,,"""20170813""",62662180,2017-8-12,1735,"""20170913""",2809285,12-Sep,798,,,,,,,,,,,,,"""20170902""",9190034,1-Sep,65
"""20171028""",7689957,2017-10-27,1791,,,,,"""20170902""",179501,2017-9-1,1031,"""20171022""",36644397,2017-10-21,5209,"""20170529""",196978464,2017-5-28,169954,,,,,"""20170814""",54423462,2017-8-13,1671,"""20170914""",2709080,13-Sep,1684,,,,,,,,,,,,,"""20170903""",10002363,2-Sep,72
"""20171029""",7309543,2017-10-28,3729,,,,,"""20170903""",193981,2017-9-2,620,"""20171023""",28155538,2017-10-22,4020,"""20170530""",190858724,2017-5-29,169655,,,,,"""20170815""",51808270,2017-8-14,2350,"""20170915""",2762527,14-Sep,762,,,,,,,,,,,,,"""20170904""",9280210,3-Sep,72
"""20171030""",3764312,2017-10-29,2024,,,,,"""20170904""",170911,2017-9-3,437,"""20171024""",27442878,2017-10-23,3720,"""20170531""",127382907,2017-5-30,152720,,,,,"""20170816""",51739369,2017-8-15,2225,"""20170916""",3095330,15-Sep,1094,,,,,,,,,,,,,"""20170905""",9090223,4-Sep,393
"""20171031""",3577442,2017-10-30,2914,,,,,"""20170905""",168669,2017-9-4,628,"""20171025""",26540158,2017-10-24,4455,"""20170601""",129778096,2017-5-31,187523,,,,,"""20170817""",51705492,2017-8-16,1943,"""20170917""",3116389,16-Sep,917,,,,,,,,,,,,,"""20170906""",8664076,5-Sep,75
"""20171101""",3369675,,,,,,,"""20170906""",151363,2017-9-5,612,"""20171026""",25490256,2017-10-25,3940,"""20170602""",134703975,2017-6-1,239860,,,,,"""20170818""",48998905,2017-8-17,1853,"""20170918""",2397403,17-Sep,3258,,,,,,,,,,,,,"""20170907""",8158404,6-Sep,57
,,,,,,,,"""20170907""",163776,2017-9-6,1268,"""20171027""",26727609,2017-10-26,4543,"""20170603""",183692951,2017-6-2,167218,,,,,"""20170819""",50565032,2017-8-18,1617,"""20170919""",2415391,18-Sep,909,,,,,,,,,,,,,"""20170908""",7839768,7-Sep,59
,,,,,,,,"""20170908""",166274,2017-9-7,1013,"""20171028""",30309741,2017-10-27,8472,"""20170604""",210834344,2017-6-3,139808,,,,,"""20170820""",52956217,2017-8-19,1535,"""20170920""",2371215,19-Sep,748,,,,,,,,,,,,,"""20170909""",8310430,8-Sep,1048
,,,,,,,,"""20170909""",198444,2017-9-8,825,"""20171029""",31173958,2017-10-28,11688,"""20170605""",163142657,2017-6-4,167301,,,,,"""20170821""",48087547,2017-8-20,1677,"""20170921""",2219571,20-Sep,849,,,,,,,,,,,,,"""20170910""",9650868,9-Sep,1451
,,,,,,,,"""20170910""",209192,2017-9-9,521,"""20171030""",23631683,2017-10-29,7443,"""20170606""",150859004,2017-6-5,211629,,,,,"""20170822""",48262710,2017-8-21,2267,"""20170922""",2296757,21-Sep,2402,,,,,,,,,,,,,"""20170911""",8396349,10-Sep,119
,,,,,,,,"""20170911""",151454,2017-9-10,471,"""20171031""",22794433,2017-10-30,5892,"""20170607""",136629746,2017-6-6,259888,,,,,"""20170823""",48220887,2017-8-22,4866,"""20170923""",2659332,22-Sep,1182,,,,,,,,,,,,,"""20170912""",7757973,11-Sep,61
,,,,,,,,"""20170912""",133909,2017-9-11,365,"""20171101""",21722346,2017-10-31,4715,"""20170608""",137192999,2017-6-7,289419,,,,,"""20170824""",46629946,2017-8-23,2431,"""20170924""",2754439,23-Sep,3300,,,,,,,,,,,,,"""20170913""",7476302,12-Sep,28
,,,,,,,,"""20170913""",143279,2017-9-12,690,,,,,"""20170609""",150078636,2017-6-8,356691,,,,,"""20170825""",44852709,2017-8-24,1814,"""20170925""",2265472,24-Sep,1939,,,,,,,,,,,,,"""20170914""",7555490,13-Sep,49
,,,,,,,,"""20170914""",149544,2017-9-13,1480,,,,,"""20170610""",194402280,2017-6-9,271889,,,,,"""20170826""",44528981,2017-8-25,1582,"""20170926""",2107741,25-Sep,1161,,,,,,,,,,,,,"""20170915""",7422117,14-Sep,44
,,,,,,,,"""20170915""",122180,2017-9-14,996,,,,,"""20170611""",219516990,2017-6-10,184226,,,,,"""20170827""",49305357,2017-8-26,1298,"""20170927""",2084444,26-Sep,649,,,,,,,,,,,,,"""20170916""",7607830,15-Sep,412
,,,,,,,,"""20170916""",131542,2017-9-15,619,,,,,"""20170612""",179447430,2017-6-11,177129,,,,,"""20170828""",40508411,2017-8-27,1423,"""20170928""",1905215,27-Sep,1081,,,,,,,,,,,,,"""20170917""",7872002,16-Sep,379
,,,,,,,,"""20170917""",132690,2017-9-16,479,,,,,"""20170613""",165106244,2017-6-12,89437,,,,,"""20170829""",41076330,2017-8-28,1442,"""20170929""",1844527,28-Sep,1429,,,,,,,,,,,,,"""20170918""",7044263,17-Sep,47
,,,,,,,,"""20170918""",105030,2017-9-17,414,,,,,"""20170614""",155801404,2017-6-13,101115,,,,,"""20170830""",40165385,2017-8-29,1437,"""20170930""",2049398,29-Sep,1169,,,,,,,,,,,,,"""20170919""",7217490,18-Sep,50
,,,,,,,,"""20170919""",108336,2017-9-18,438,,,,,"""20170615""",150010965,2017-6-14,138260,,,,,"""20170831""",37473824,2017-8-30,1655,"""20171001""",2426928,30-Sep,1472,,,,,,,,,,,,,"""20170920""",7143290,19-Sep,295
,,,,,,,,"""20170920""",124134,2017-9-19,473,,,,,"""20170616""",151589176,2017-6-15,151733,,,,,"""20170901""",35947111,2017-8-31,1556,"""20171002""",2535372,1-Oct,1141,,,,,,,,,,,,,"""20170921""",6856533,20-Sep,206
,,,,,,,,"""20170921""",119599,2017-9-20,533,,,,,"""20170617""",190901313,2017-6-16,144010,,,,,"""20170902""",38003222,2017-9-1,1169,"""20171003""",2668364,2-Oct,1042,,,,,,,,,,,,,"""20170922""",6882604,21-Sep,267
,,,,,,,,"""20170922""",106891,2017-9-21,531,,,,,"""20170618""",204363861,2017-6-17,117441,,,,,"""20170903""",40769315,2017-9-2,1332,"""20171004""",2438040,3-Oct,1583,,,,,,,,,,,,,"""20170923""",7226392,22-Sep,72
,,,,,,,,"""20170923""",117071,2017-9-22,702,,,,,"""20170619""",169792059,2017-6-18,140989,,,,,"""20170904""",36056355,2017-9-3,1218,"""20171005""",2512816,4-Oct,1213,,,,,,,,,,,,,"""20170924""",7555569,23-Sep,52
,,,,,,,,"""20170924""",136065,2017-9-23,872,,,,,"""20170620""",152682399,2017-6-19,188853,,,,,"""20170905""",35596205,2017-9-4,2109,"""20171006""",2292005,5-Oct,1138,,,,,,,,,,,,,"""20170925""",7279079,24-Sep,52
,,,,,,,,"""20170925""",108738,2017-9-24,620,,,,,"""20170621""",155473569,2017-6-20,112512,,,,,"""20170906""",33809393,2017-9-5,1323,"""20171007""",2417156,6-Oct,1294,,,,,,,,,,,,,"""20170926""",7420083,25-Sep,27
,,,,,,,,"""20170926""",100314,2017-9-25,875,,,,,"""20170622""",162167147,2017-6-21,132808,,,,,"""20170907""",32259486,2017-9-6,1375,"""20171008""",2375229,7-Oct,655,,,,,,,,,,,,,"""20170927""",7359552,26-Sep,68
,,,,,,,,"""20170927""",91652,2017-9-26,475,,,,,"""20170623""",161208418,2017-6-22,125976,,,,,"""20170908""",31589725,2017-9-7,1988,"""20171009""",1913019,8-Oct,676,,,,,,,,,,,,,"""20170928""",6793086,27-Sep,1396
,,,,,,,,"""20170928""",79845,2017-9-27,2190,,,,,"""20170624""",191529301,2017-6-23,371005,,,,,"""20170909""",33758313,2017-9-8,1608,"""20171010""",1955783,9-Oct,806,,,,,,,,,,,,,"""20170929""",6541829,28-Sep,265
,,,,,,,,"""20170929""",72751,2017-9-28,993,,,,,"""20170625""",218464737,2017-6-24,235482,,,,,"""20170910""",37256192,2017-9-9,1557,"""20171011""",1924750,10-Oct,2277,,,,,,,,,,,,,"""20170930""",6402594,29-Sep,90
,,,,,,,,"""20170930""",80085,2017-9-29,1321,,,,,"""20170626""",188580367,2017-6-25,128846,,,,,"""20170911""",31585828,2017-9-10,1695,"""20171012""",1890132,11-Oct,2039,,,,,,,,,,,,,"""20171001""",6810134,30-Sep,560
,,,,,,,,"""20171001""",94851,2017-9-30,442,,,,,"""20170627""",171649597,2017-6-26,144372,,,,,"""20170912""",30378119,2017-9-11,1909,"""20171013""",1830431,12-Oct,1040,,,,,,,,,,,,,"""20171002""",7883694,1-Oct,117
,,,,,,,,"""20171002""",109996,2017-10-1,926,,,,,"""20170628""",173451540,2017-6-27,229399,,,,,"""20170913""",30469573,2017-9-12,1511,"""20171014""",2281920,13-Oct,986,,,,,,,,,,,,,"""20171003""",8587722,2-Oct,88
,,,,,,,,"""20171003""",123919,2017-10-2,426,,,,,"""20170629""",182463086,2017-6-28,237589,,,,,"""20170914""",30047464,2017-9-13,1871,"""20171015""",2514255,14-Oct,2758,,,,,,,,,,,,,"""20171004""",8142611,3-Oct,88
,,,,,,,,"""20171004""",109297,2017-10-3,374,,,,,"""20170630""",182463086,2017-6-29,304175,,,,,"""20170915""",29290462,2017-9-14,1408,"""20171016""",2169983,15-Oct,960,,,,,,,,,,,,,"""20171005""",7839599,4-Oct,64
,,,,,,,,"""20171005""",104250,2017-10-4,299,,,,,"""20170701""",215447092,2017-6-30,246918,,,,,"""20170916""",30657956,2017-9-15,1328,"""20171017""",2216410,16-Oct,1799,,,,,,,,,,,,,"""20171006""",7929033,5-Oct,78
,,,,,,,,"""20171006""",96188,2017-10-5,491,,,,,"""20170702""",215447092,2017-7-1,217258,,,,,"""20170917""",32279316,2017-9-16,1494,"""20171018""",2091158,17-Oct,911,,,,,,,,,,,,,"""20171007""",8634540,6-Oct,71
,,,,,,,,"""20171007""",112837,2017-10-6,1276,,,,,"""20170703""",224936501,2017-7-2,370211,,,,,"""20170918""",28808743,2017-9-17,1325,"""20171019""",1904016,18-Oct,5885,,,,,,,,,,,,,"""20171008""",9165534,7-Oct,46
,,,,,,,,"""20171008""",115453,2017-10-7,1452,,,,,"""20170704""",198852967,2017-7-3,340000,,,,,"""20170919""",28905153,2017-9-18,1714,"""20171020""",1949922,19-Oct,1378,,,,,,,,,,,,,"""20171009""",8339488,8-Oct,39
,,,,,,,,"""20171009""",104713,2017-10-8,395,,,,,"""20170705""",202135192,2017-7-4,264985,,,,,"""20170920""",29173678,2017-9-19,1335,"""20171021""",2252333,20-Oct,1503,,,,,,,,,,,,,"""20171010""",8746432,9-Oct,51
,,,,,,,,"""20171010""",109570,2017-10-9,1066,,,,,"""20170706""",201813675,2017-7-5,206403,,,,,"""20170921""",28014469,2017-9-20,3353,"""20171022""",2293896,21-Oct,1161,,,,,,,,,,,,,"""20171011""",9006553,10-Oct,861
,,,,,,,,"""20171011""",105722,2017-10-10,817,,,,,"""20170707""",205900169,2017-7-6,262648,,,,,"""20170922""",27316143,2017-9-21,1279,"""20171023""",1888390,22-Oct,920,,,,,,,,,,,,,"""20171012""",8945916,11-Oct,1987
,,,,,,,,"""20171012""",96639,2017-10-11,535,,,,,"""20170708""",228641134,2017-7-7,246857,,,,,"""20170923""",29102593,2017-9-22,1218,"""20171024""",1910188,23-Oct,1931,,,,,,,,,,,,,"""20171013""",8668885,12-Oct,69
,,,,,,,,"""20171013""",87883,2017-10-12,443,,,,,"""20170709""",258939990,2017-7-8,216965,,,,,"""20170924""",31876772,2017-9-23,1517,"""20171025""",1886569,24-Oct,2377,,,,,,,,,,,,,"""20171014""",9267279,13-Oct,95
,,,,,,,,"""20171014""",100166,2017-10-13,366,,,,,"""20170710""",224360040,2017-7-9,178037,,,,,"""20170925""",28520345,2017-9-24,1524,"""20171026""",1799587,25-Oct,1589,,,,,,,,,,,,,"""20171015""",10073731,14-Oct,75
,,,,,,,,"""20171015""",121406,2017-10-14,406,,,,,"""20170711""",196426852,2017-7-10,159881,,,,,"""20170926""",28156415,2017-9-25,1413,"""20171027""",1910182,26-Oct,2497,,,,,,,,,,,,,"""20171016""",9212592,15-Oct,39
,,,,,,,,"""20171016""",105042,2017-10-15,417,,,,,"""20170712""",190020791,2017-7-11,162566,,,,,"""20170927""",26923700,2017-9-26,1469,"""20171028""",2217438,27-Oct,1149,,,,,,,,,,,,,"""20171017""",9018009,16-Oct,53
,,,,,,,,"""20171017""",110517,2017-10-16,630,,,,,"""20170713""",203645997,2017-7-12,221349,,,,,"""20170928""",25275706,2017-9-27,1278,"""20171029""",2538785,28-Oct,829,,,,,,,,,,,,,"""20171018""",8100403,17-Oct,23
,,,,,,,,"""20171018""",96349,2017-10-17,313,,,,,"""20170714""",199558951,2017-7-13,312634,,,,,"""20170929""",24951569,2017-9-28,1704,"""20171030""",1849104,29-Oct,1192,,,,,,,,,,,,,"""20171019""",7290420,18-Oct,28
,,,,,,,,"""20171019""",94820,2017-10-18,422,,,,,"""20170715""",231064862,2017-7-14,296576,,,,,"""20170930""",26828248,2017-9-29,2693,"""20171031""",1758854,30-Oct,1010,,,,,,,,,,,,,"""20171020""",6863084,19-Oct,29
,,,,,,,,"""20171020""",94069,2017-10-19,277,,,,,"""20170716""",277649025,2017-7-15,434767,,,,,"""20171001""",30624109,2017-9-30,1248,"""20171101""",1673655,31-Oct,1333,,,,,,,,,,,,,"""20171021""",6909125,20-Oct,45
,,,,,,,,"""20171021""",107936,2017-10-20,1109,,,,,"""20170717""",234885628,2017-7-16,975023,,,,,"""20171002""",33100490,2017-10-1,3079,,,,,,,,,,,,,,,,,"""20171022""",7492592,21-Oct,35
,,,,,,,,"""20171022""",110263,2017-10-21,1083,,,,,"""20170718""",197417071,2017-7-17,226808,,,,,"""20171003""",36570072,2017-10-2,1788,,,,,,,,,,,,,,,,,"""20171023""",6680498,22-Oct,34
,,,,,,,,"""20171023""",82504,2017-10-22,409,,,,,"""20170719""",179286717,2017-7-18,191646,,,,,"""20171004""",36776450,2017-10-3,1664,,,,,,,,,,,,,,,,,"""20171024""",6598607,23-Oct,35
,,,,,,,,"""20171024""",78301,2017-10-23,451,,,,,"""20170720""",168864102,2017-7-19,227051,,,,,"""20171005""",35154176,2017-10-4,1207,,,,,,,,,,,,,,,,,"""20171025""",6709922,24-Oct,38
,,,,,,,,"""20171025""",85925,2017-10-24,868,,,,,"""20170721""",159366865,2017-7-20,332764,,,,,"""20171006""",33346103,2017-10-5,1100,,,,,,,,,,,,,,,,,"""20171026""",6393179,25-Oct,40
,,,,,,,,"""20171026""",84910,2017-10-25,4751,,,,,"""20170722""",177628491,2017-7-21,247092,,,,,"""20171007""",34480898,2017-10-6,1330,,,,,,,,,,,,,,,,,"""20171027""",6043067,26-Oct,55
,,,,,,,,"""20171027""",87056,2017-10-26,655,,,,,"""20170723""",204501191,2017-7-22,184351,,,,,"""20171008""",35380583,2017-10-7,1309,,,,,,,,,,,,,,,,,"""20171028""",5603094,27-Oct,81
,,,,,,,,"""20171028""",92053,2017-10-27,385,,,,,"""20170724""",179979448,2017-7-23,180134,,,,,"""20171009""",31661234,2017-10-8,1458,,,,,,,,,,,,,,,,,"""20171029""",5978263,28-Oct,50
,,,,,,,,"""20171029""",103967,2017-10-28,340,,,,,"""20170725""",181819263,2017-7-24,293036,,,,,"""20171010""",33013130,2017-10-9,2048,,,,,,,,,,,,,,,,,"""20171030""",5292599,29-Oct,37
,,,,,,,,"""20171030""",63879,2017-10-29,1113,,,,,"""20170726""",156482367,2017-7-25,312246,,,,,"""20171011""",33403446,2017-10-10,9972,,,,,,,,,,,,,,,,,"""20171031""",5093073,30-Oct,54
,,,,,,,,"""20171031""",61219,2017-10-30,459,,,,,"""20170727""",155573909,2017-7-26,240219,,,,,"""20171012""",33235685,2017-10-11,3747,,,,,,,,,,,,,,,,,"""20171101""",4804579,31-Oct,38
,,,,,,,,"""20171101""",60876,2017-10-31,1490,,,,,"""20170728""",162545757,2017-7-27,331389,,,,,"""20171013""",31990445,2017-10-12,1942,,,,,,,,,,,,,,,,,,,,
,,,,,,,,,,,,,,,,"""20170729""",183267262,2017-7-28,447713,,,,,"""20171014""",34443126,2017-10-13,1544,,,,,,,,,,,,,,,,,,,,
,,,,,,,,,,,,,,,,"""20170730""",224766403,2017-7-29,494431,,,,,"""20171015""",38719664,2017-10-14,2495,,,,,,,,,,,,,,,,,,,,
,,,,,,,,,,,,,,,,"""20170731""",223806192,2017-7-30,421128,,,,,"""20171016""",35310660,2017-10-15,1169,,,,,,,,,,,,,,,,,,,,
,,,,,,,,,,,,,,,,"""20170801""",234091703,2017-7-31,318780,,,,,"""20171017""",35596392,2017-10-16,4322,,,,,,,,,,,,,,,,,,,,
,,,,,,,,,,,,,,,,"""20170802""",259915601,2017-8-1,505939,,,,,"""20171018""",32428620,2017-10-17,3625,,,,,,,,,,,,,,,,,,,,
,,,,,,,,,,,,,,,,"""20170803""",308006755,2017-8-2,497816,,,,,"""20171019""",30936661,2017-10-18,2267,,,,,,,,,,,,,,,,,,,,
,,,,,,,,,,,,,,,,"""20170804""",395693929,2017-8-3,822098,,,,,"""20171020""",30123393,2017-10-19,5727,,,,,,,,,,,,,,,,,,,,
,,,,,,,,,,,,,,,,"""20170805""",468653719,2017-8-4,1063456,,,,,"""20171021""",32160171,2017-10-20,8581,,,,,,,,,,,,,,,,,,,,
,,,,,,,,,,,,,,,,"""20170806""",543724648,2017-8-5,735769,,,,,"""20171022""",34141300,2017-10-21,4381,,,,,,,,,,,,,,,,,,,,
,,,,,,,,,,,,,,,,"""20170807""",497599314,2017-8-6,576001,,,,,"""20171023""",29687201,2017-10-22,3998,,,,,,,,,,,,,,,,,,,,
,,,,,,,,,,,,,,,,"""20170808""",489549106,2017-8-7,562464,,,,,"""20171024""",29070874,2017-10-23,3174,,,,,,,,,,,,,,,,,,,,
,,,,,,,,,,,,,,,,"""20170809""",477169138,2017-8-8,471482,,,,,"""20171025""",28701410,2017-10-24,4900,,,,,,,,,,,,,,,,,,,,
,,,,,,,,,,,,,,,,"""20170810""",468271961,2017-8-9,354899,,,,,"""20171026""",28081778,2017-10-25,2318,,,,,,,,,,,,,,,,,,,,
,,,,,,,,,,,,,,,,"""20170811""",416935999,2017-8-10,264593,,,,,"""20171027""",28081493,2017-10-26,1313,,,,,,,,,,,,,,,,,,,,
,,,,,,,,,,,,,,,,"""20170812""",395944104,2017-8-11,204155,,,,,"""20171028""",28360745,2017-10-27,1413,,,,,,,,,,,,,,,,,,,,
,,,,,,,,,,,,,,,,"""20170813""",386439388,2017-8-12,144529,,,,,"""20171029""",29573854,2017-10-28,1662,,,,,,,,,,,,,,,,,,,,
,,,,,,,,,,,,,,,,"""20170814""",326814531,2017-8-13,108266,,,,,"""20171030""",24410399,2017-10-29,2725,,,,,,,,,,,,,,,,,,,,
,,,,,,,,,,,,,,,,"""20170815""",289283222,2017-8-14,114964,,,,,"""20171031""",23228765,2017-10-30,1896,,,,,,,,,,,,,,,,,,,,
,,,,,,,,,,,,,,,,"""20170816""",264215648,2017-8-15,87562,,,,,"""20171101""",22498441,2017-10-31,2327,,,,,,,,,,,,,,,,,,,,
,,,,,,,,,,,,,,,,"""20170817""",253496778,2017-8-16,86381,,,,,,,,,,,,,,,,,,,,,,,,,,,,
,,,,,,,,,,,,,,,,"""20170818""",229167472,2017-8-17,55097,,,,,,,,,,,,,,,,,,,,,,,,,,,,
,,,,,,,,,,,,,,,,"""20170819""",222566431,2017-8-18,58213,,,,,,,,,,,,,,,,,,,,,,,,,,,,
,,,,,,,,,,,,,,,,"""20170820""",222071677,2017-8-19,63206,,,,,,,,,,,,,,,,,,,,,,,,,,,,
,,,,,,,,,,,,,,,,"""20170821""",195373762,2017-8-20,54414,,,,,,,,,,,,,,,,,,,,,,,,,,,,
,,,,,,,,,,,,,,,,"""20170822""",186102949,2017-8-21,51689,,,,,,,,,,,,,,,,,,,,,,,,,,,,
,,,,,,,,,,,,,,,,"""20170823""",181405126,2017-8-22,53284,,,,,,,,,,,,,,,,,,,,,,,,,,,,
,,,,,,,,,,,,,,,,"""20170824""",172672470,2017-8-23,83840,,,,,,,,,,,,,,,,,,,,,,,,,,,,
,,,,,,,,,,,,,,,,"""20170825""",162291260,2017-8-24,83456,,,,,,,,,,,,,,,,,,,,,,,,,,,,
,,,,,,,,,,,,,,,,"""20170826""",161320169,2017-8-25,48866,,,,,,,,,,,,,,,,,,,,,,,,,,,,
,,,,,,,,,,,,,,,,"""20170827""",171713261,2017-8-26,41329,,,,,,,,,,,,,,,,,,,,,,,,,,,,
,,,,,,,,,,,,,,,,"""20170828""",140100720,2017-8-27,51158,,,,,,,,,,,,,,,,,,,,,,,,,,,,
,,,,,,,,,,,,,,,,"""20170829""",139043342,2017-8-28,161933,,,,,,,,,,,,,,,,,,,,,,,,,,,,
,,,,,,,,,,,,,,,,"""20170830""",130405048,2017-8-29,23185,,,,,,,,,,,,,,,,,,,,,,,,,,,,
,,,,,,,,,,,,,,,,"""20170831""",118436648,2017-8-30,41527,,,,,,,,,,,,,,,,,,,,,,,,,,,,
,,,,,,,,,,,,,,,,"""20170901""",103464784,2017-8-31,22372,,,,,,,,,,,,,,,,,,,,,,,,,,,,
,,,,,,,,,,,,,,,,"""20170902""",121638492,2017-9-1,10884,,,,,,,,,,,,,,,,,,,,,,,,,,,,
,,,,,,,,,,,,,,,,"""20170903""",202945563,2017-9-2,10087,,,,,,,,,,,,,,,,,,,,,,,,,,,,
,,,,,,,,,,,,,,,,"""20170904""",197140394,2017-9-3,26079,,,,,,,,,,,,,,,,,,,,,,,,,,,,
,,,,,,,,,,,,,,,,"""20170905""",207519448,2017-9-4,49484,,,,,,,,,,,,,,,,,,,,,,,,,,,,
,,,,,,,,,,,,,,,,"""20170906""",201870325,2017-9-5,12552,,,,,,,,,,,,,,,,,,,,,,,,,,,,
,,,,,,,,,,,,,,,,"""20170907""",193279659,2017-9-6,7654,,,,,,,,,,,,,,,,,,,,,,,,,,,,
,,,,,,,,,,,,,,,,"""20170908""",189110853,2017-9-7,13880,,,,,,,,,,,,,,,,,,,,,,,,,,,,
,,,,,,,,,,,,,,,,"""20170909""",224315549,2017-9-8,14398,,,,,,,,,,,,,,,,,,,,,,,,,,,,
,,,,,,,,,,,,,,,,"""20170910""",242682976,2017-9-9,17149,,,,,,,,,,,,,,,,,,,,,,,,,,,,
,,,,,,,,,,,,,,,,"""20170911""",165602990,2017-9-10,13484,,,,,,,,,,,,,,,,,,,,,,,,,,,,
,,,,,,,,,,,,,,,,"""20170912""",152515861,2017-9-11,9672,,,,,,,,,,,,,,,,,,,,,,,,,,,,
,,,,,,,,,,,,,,,,"""20170913""",149545898,2017-9-12,10757,,,,,,,,,,,,,,,,,,,,,,,,,,,,
,,,,,,,,,,,,,,,,"""20170914""",146374195,2017-9-13,7551,,,,,,,,,,,,,,,,,,,,,,,,,,,,
,,,,,,,,,,,,,,,,"""20170915""",146785401,2017-9-14,9654,,,,,,,,,,,,,,,,,,,,,,,,,,,,
,,,,,,,,,,,,,,,,"""20170916""",170379056,2017-9-15,21044,,,,,,,,,,,,,,,,,,,,,,,,,,,,
,,,,,,,,,,,,,,,,"""20170917""",172114810,2017-9-16,5185,,,,,,,,,,,,,,,,,,,,,,,,,,,,
,,,,,,,,,,,,,,,,"""20170918""",124194596,2017-9-17,9246,,,,,,,,,,,,,,,,,,,,,,,,,,,,
,,,,,,,,,,,,,,,,"""20170919""",120306082,2017-9-18,9945,,,,,,,,,,,,,,,,,,,,,,,,,,,,
,,,,,,,,,,,,,,,,"""20170920""",116387996,2017-9-19,9499,,,,,,,,,,,,,,,,,,,,,,,,,,,,
,,,,,,,,,,,,,,,,"""20170921""",107784435,2017-9-20,4059,,,,,,,,,,,,,,,,,,,,,,,,,,,,
,,,,,,,,,,,,,,,,"""20170922""",108851149,2017-9-21,3444,,,,,,,,,,,,,,,,,,,,,,,,,,,,
,,,,,,,,,,,,,,,,"""20170923""",132981524,2017-9-22,11426,,,,,,,,,,,,,,,,,,,,,,,,,,,,
,,,,,,,,,,,,,,,,"""20170924""",138860707,2017-9-23,6574,,,,,,,,,,,,,,,,,,,,,,,,,,,,
,,,,,,,,,,,,,,,,"""20170925""",102736328,2017-9-24,3837,,,,,,,,,,,,,,,,,,,,,,,,,,,,
,,,,,,,,,,,,,,,,"""20170926""",100610693,2017-9-25,6111,,,,,,,,,,,,,,,,,,,,,,,,,,,,
,,,,,,,,,,,,,,,,"""20170927""",95158899,2017-9-26,7357,,,,,,,,,,,,,,,,,,,,,,,,,,,,
,,,,,,,,,,,,,,,,"""20170928""",85506129,2017-9-27,5029,,,,,,,,,,,,,,,,,,,,,,,,,,,,
,,,,,,,,,,,,,,,,"""20170929""",78742331,2017-9-28,9350,,,,,,,,,,,,,,,,,,,,,,,,,,,,
,,,,,,,,,,,,,,,,"""20170930""",86751643,2017-9-29,7527,,,,,,,,,,,,,,,,,,,,,,,,,,,,
,,,,,,,,,,,,,,,,"""20171001""",105542576,2017-9-30,4008,,,,,,,,,,,,,,,,,,,,,,,,,,,,
,,,,,,,,,,,,,,,,"""20171002""",112522456,2017-10-1,4653,,,,,,,,,,,,,,,,,,,,,,,,,,,,
,,,,,,,,,,,,,,,,"""20171003""",119269639,2017-10-2,3552,,,,,,,,,,,,,,,,,,,,,,,,,,,,
,,,,,,,,,,,,,,,,"""20171004""",109674518,2017-10-3,4656,,,,,,,,,,,,,,,,,,,,,,,,,,,,
,,,,,,,,,,,,,,,,"""20171005""",109541406,2017-10-4,4244,,,,,,,,,,,,,,,,,,,,,,,,,,,,
,,,,,,,,,,,,,,,,"""20171006""",104398224,2017-10-5,8106,,,,,,,,,,,,,,,,,,,,,,,,,,,,
,,,,,,,,,,,,,,,,"""20171007""",110657668,2017-10-6,5233,,,,,,,,,,,,,,,,,,,,,,,,,,,,
,,,,,,,,,,,,,,,,"""20171008""",105969774,2017-10-7,5096,,,,,,,,,,,,,,,,,,,,,,,,,,,,
,,,,,,,,,,,,,,,,"""20171009""",77212638,2017-10-8,6534,,,,,,,,,,,,,,,,,,,,,,,,,,,,
,,,,,,,,,,,,,,,,"""20171010""",76496903,2017-10-9,11363,,,,,,,,,,,,,,,,,,,,,,,,,,,,
,,,,,,,,,,,,,,,,"""20171011""",74448285,2017-10-10,3794,,,,,,,,,,,,,,,,,,,,,,,,,,,,
,,,,,,,,,,,,,,,,"""20171012""",71215946,2017-10-11,3593,,,,,,,,,,,,,,,,,,,,,,,,,,,,
,,,,,,,,,,,,,,,,"""20171013""",71481597,2017-10-12,4947,,,,,,,,,,,,,,,,,,,,,,,,,,,,
,,,,,,,,,,,,,,,,"""20171014""",89378980,2017-10-13,4342,,,,,,,,,,,,,,,,,,,,,,,,,,,,
,,,,,,,,,,,,,,,,"""20171015""",94515697,2017-10-14,3006,,,,,,,,,,,,,,,,,,,,,,,,,,,,
,,,,,,,,,,,,,,,,"""20171016""",70767868,2017-10-15,4849,,,,,,,,,,,,,,,,,,,,,,,,,,,,
,,,,,,,,,,,,,,,,"""20171017""",69598430,2017-10-16,3782,,,,,,,,,,,,,,,,,,,,,,,,,,,,
,,,,,,,,,,,,,,,,"""20171018""",66613173,2017-10-17,2778,,,,,,,,,,,,,,,,,,,,,,,,,,,,
,,,,,,,,,,,,,,,,"""20171019""",61541025,2017-10-18,4187,,,,,,,,,,,,,,,,,,,,,,,,,,,,
,,,,,,,,,,,,,,,,"""20171020""",65002343,2017-10-19,4096,,,,,,,,,,,,,,,,,,,,,,,,,,,,
,,,,,,,,,,,,,,,,"""20171021""",82379248,2017-10-20,3384,,,,,,,,,,,,,,,,,,,,,,,,,,,,
,,,,,,,,,,,,,,,,"""20171022""",86118563,2017-10-21,3764,,,,,,,,,,,,,,,,,,,,,,,,,,,,
,,,,,,,,,,,,,,,,"""20171023""",63050620,2017-10-22,3548,,,,,,,,,,,,,,,,,,,,,,,,,,,,
,,,,,,,,,,,,,,,,"""20171024""",63366947,2017-10-23,3623,,,,,,,,,,,,,,,,,,,,,,,,,,,,
,,,,,,,,,,,,,,,,"""20171025""",64797037,2017-10-24,3647,,,,,,,,,,,,,,,,,,,,,,,,,,,,
,,,,,,,,,,,,,,,,"""20171026""",63895467,2017-10-25,19274,,,,,,,,,,,,,,,,,,,,,,,,,,,,
,,,,,,,,,,,,,,,,"""20171027""",68277881,2017-10-26,29172,,,,,,,,,,,,,,,,,,,,,,,,,,,,
,,,,,,,,,,,,,,,,"""20171028""",84074965,2017-10-27,25747,,,,,,,,,,,,,,,,,,,,,,,,,,,,
,,,,,,,,,,,,,,,,"""20171029""",87339048,2017-10-28,4728,,,,,,,,,,,,,,,,,,,,,,,,,,,,
,,,,,,,,,,,,,,,,"""20171030""",61993335,2017-10-29,3991,,,,,,,,,,,,,,,,,,,,,,,,,,,,
